INSERT INTO Dim_Ngay (MaNgay, Ngay, Thang, Quy, Nam, NgayTrongTuan)
VALUES
    ('0001', 01, 01, 1, 2021, N'Thứ Sáu'),
    ('0002', 02, 01, 1, 2021, N'Thứ Bảy'),
    ('0003', 03, 01, 1, 2021, N'Chủ Nhật'),
    ('0004', 04, 01, 1, 2021, N'Thứ Hai'),
    ('0005', 05, 01, 1, 2021, N'Thứ Ba'),
    ('0006', 06, 01, 1, 2021, N'Thứ Tư'),
    ('0007', 07, 01, 1, 2021, N'Thứ Năm'),
    ('0008', 08, 01, 1, 2021, N'Thứ Sáu'), 
    ('0009', 09, 01, 1, 2021, N'Thứ Bảy'),
    ('0010', 10, 01, 1, 2021, N'Chủ Nhật'),
    ('0011', 11, 01, 1, 2021, N'Thứ Hai'),
    ('0012', 12, 01, 1, 2021, N'Thứ Ba'),
    ('0013', 13, 01, 1, 2021, N'Thứ Tư'),
    ('0014', 14, 01, 1, 2021, N'Thứ Năm'),
    ('0015', 15, 01, 1, 2021, N'Thứ Sáu'),
    ('0016', 16, 01, 1, 2021, N'Thứ Bảy'),
    ('0017', 17, 01, 1, 2021, N'Chủ Nhật'),
    ('0018', 18, 01, 1, 2021, N'Thứ Hai'),
    ('0019', 19, 01, 1, 2021, N'Thứ Ba'),
    ('0020', 20, 01, 1, 2021, N'Thứ Tư'),
    ('0021', 21, 01, 1, 2021, N'Thứ Năm'),
    ('0022', 22, 01, 1, 2021, N'Thứ Sáu'),
    ('0023', 23, 01, 1, 2021, N'Thứ Bảy'),
    ('0024', 24, 01, 1, 2021, N'Chủ Nhật'),
    ('0025', 25, 01, 1, 2021, N'Thứ Hai'),
    ('0026', 26, 01, 1, 2021, N'Thứ Ba'),
    ('0027', 27, 01, 1, 2021, N'Thứ Tư'),
    ('0028', 28, 01, 1, 2021, N'Thứ Năm'),
    ('0029', 29, 01, 1, 2021, N'Thứ Sáu'),
    ('0030', 30, 01, 1, 2021, N'Thứ Bảy'),
    ('0031', 31, 01, 1, 2021, N'Chủ Nhật'),
    ('0032', 01, 02, 1, 2021, N'Thứ Hai'),
    ('0033', 02, 02, 1, 2021, N'Thứ Ba'),
    ('0034', 03, 02, 1, 2021, N'Thứ Tư'),
    ('0035', 04, 02, 1, 2021, N'Thứ Năm'),
    ('0036', 05, 02, 1, 2021, N'Thứ Sáu'),
    ('0037', 06, 02, 1, 2021, N'Thứ Bảy'),
    ('0038', 07, 02, 1, 2021, N'Chủ Nhật'),
    ('0039', 08, 02, 1, 2021, N'Thứ Hai'),
    ('0040', 09, 02, 1, 2021, N'Thứ Ba'),
    ('0041', 10, 02, 1, 2021, N'Thứ Tư'),
    ('0042', 11, 02, 1, 2021, N'Thứ Năm'),
    ('0043', 12, 02, 1, 2021, N'Thứ Sáu'),
    ('0044', 13, 02, 1, 2021, N'Thứ Bảy'),
    ('0045', 14, 02, 1, 2021, N'Chủ Nhật'),
    ('0046', 15, 02, 1, 2021, N'Thứ Hai'),
    ('0047', 16, 02, 1, 2021, N'Thứ Ba'),
    ('0048', 17, 02, 1, 2021, N'Thứ Tư'),
    ('0049', 18, 02, 1, 2021, N'Thứ Năm'),
    ('0050', 19, 02, 1, 2021, N'Thứ Sáu'),
    ('0051', 20, 02, 1, 2021, N'Thứ Bảy'),
    ('0052', 21, 02, 1, 2021, N'Chủ Nhật'),
    ('0053', 22, 02, 1, 2021, N'Thứ Hai'),
    ('0054', 23, 02, 1, 2021, N'Thứ Ba'),
    ('0055', 24, 02, 1, 2021, N'Thứ Tư'),
    ('0056', 25, 02, 1, 2021, N'Thứ Năm'),
    ('0057', 26, 02, 1, 2021, N'Thứ Sáu'),
    ('0058', 27, 02, 1, 2021, N'Thứ Bảy'),
    ('0059', 28, 02, 1, 2021, N'Chủ Nhật'),
    ('0060', 01, 03, 1, 2021, N'Thứ Hai'),
    ('0061', 02, 03, 1, 2021, N'Thứ Ba'),
    ('0062', 03, 03, 1, 2021, N'Thứ Tư'),
    ('0063', 04, 03, 1, 2021, N'Thứ Năm'),
    ('0064', 05, 03, 1, 2021, N'Thứ Sáu'),
    ('0065', 06, 03, 1, 2021, N'Thứ Bảy'),
    ('0066', 07, 03, 1, 2021, N'Chủ Nhật'),
    ('0067', 08, 03, 1, 2021, N'Thứ Hai'),
    ('0068', 09, 03, 1, 2021, N'Thứ Ba'),
    ('0069', 10, 03, 1, 2021, N'Thứ Tư'),
    ('0070', 11, 03, 1, 2021, N'Thứ Năm'),
    ('0071', 12, 03, 1, 2021, N'Thứ Sáu'),
    ('0072', 13, 03, 1, 2021, N'Thứ Bảy'),
    ('0073', 14, 03, 1, 2021, N'Chủ Nhật'),
    ('0074', 15, 03, 1, 2021, N'Thứ Hai'),
    ('0075', 16, 03, 1, 2021, N'Thứ Ba'),
    ('0076', 17, 03, 1, 2021, N'Thứ Tư'),
    ('0077', 18, 03, 1, 2021, N'Thứ Năm'),
    ('0078', 19, 03, 1, 2021, N'Thứ Sáu'),
    ('0079', 20, 03, 1, 2021, N'Thứ Bảy'),
    ('0080', 21, 03, 1, 2021, N'Chủ Nhật'),
    ('0081', 22, 03, 1, 2021, N'Thứ Hai'),
    ('0082', 23, 03, 1, 2021, N'Thứ Ba'),
    ('0083', 24, 03, 1, 2021, N'Thứ Tư'),
    ('0084', 25, 03, 1, 2021, N'Thứ Năm'),
    ('0085', 26, 03, 1, 2021, N'Thứ Sáu'),
    ('0086', 27, 03, 1, 2021, N'Thứ Bảy'),
    ('0087', 28, 03, 1, 2021, N'Chủ Nhật'),
    ('0088', 29, 03, 1, 2021, N'Thứ Hai'),
    ('0089', 30, 03, 1, 2021, N'Thứ Ba'),
    ('0090', 31, 03, 1, 2021, N'Thứ Tư'),
    ('0091', 01, 04, 2, 2021, N'Thứ Năm'),
    ('0092', 02, 04, 2, 2021, N'Thứ Sáu'),
    ('0093', 03, 04, 2, 2021, N'Thứ Bảy'),
    ('0094', 04, 04, 2, 2021, N'Chủ Nhật'),
    ('0095', 05, 04, 2, 2021, N'Thứ Hai'),
    ('0096', 06, 04, 2, 2021, N'Thứ Ba'),
    ('0097', 07, 04, 2, 2021, N'Thứ Tư'),
    ('0098', 08, 04, 2, 2021, N'Thứ Năm'),
    ('0099', 09, 04, 2, 2021, N'Thứ Sáu'),
    ('0100', 10, 04, 2, 2021, N'Thứ Bảy'),
    ('0101', 11, 04, 2, 2021, N'Chủ Nhật'),
    ('0102', 12, 04, 2, 2021, N'Thứ Hai'),
    ('0103', 13, 04, 2, 2021, N'Thứ Ba'),
    ('0104', 14, 04, 2, 2021, N'Thứ Tư'),
    ('0105', 15, 04, 2, 2021, N'Thứ Năm'),
    ('0106', 16, 04, 2, 2021, N'Thứ Sáu'),
    ('0107', 17, 04, 2, 2021, N'Thứ Bảy'),
    ('0108', 18, 04, 2, 2021, N'Chủ Nhật'),
    ('0109', 19, 04, 2, 2021, N'Thứ Hai'),
    ('0110', 20, 04, 2, 2021, N'Thứ Ba'),
    ('0111', 21, 04, 2, 2021, N'Thứ Tư'),
    ('0112', 22, 04, 2, 2021, N'Thứ Năm'),
    ('0113', 23, 04, 2, 2021, N'Thứ Sáu'),
    ('0114', 24, 04, 2, 2021, N'Thứ Bảy'),
    ('0115', 25, 04, 2, 2021, N'Chủ Nhật'),
    ('0116', 26, 04, 2, 2021, N'Thứ Hai'),
    ('0117', 27, 04, 2, 2021, N'Thứ Ba'),
    ('0118', 28, 04, 2, 2021, N'Thứ Tư'),
    ('0119', 29, 04, 2, 2021, N'Thứ Năm'),
    ('0120', 30, 04, 2, 2021, N'Thứ Sáu'),
    ('0121', 01, 05, 2, 2021, N'Thứ Bảy'),
    ('0122', 02, 05, 2, 2021, N'Chủ Nhật'),
    ('0123', 03, 05, 2, 2021, N'Thứ Hai'),
    ('0124', 04, 05, 2, 2021, N'Thứ Ba'),
    ('0125', 05, 05, 2, 2021, N'Thứ Tư'),
    ('0126', 06, 05, 2, 2021, N'Thứ Năm'),
    ('0127', 07, 05, 2, 2021, N'Thứ Sáu'),
    ('0128', 08, 05, 2, 2021, N'Thứ Bảy'),
    ('0129', 09, 05, 2, 2021, N'Chủ Nhật'),
    ('0130', 10, 05, 2, 2021, N'Thứ Hai'),
    ('0131', 11, 05, 2, 2021, N'Thứ Ba'),
    ('0132', 12, 05, 2, 2021, N'Thứ Tư'),
    ('0133', 13, 05, 2, 2021, N'Thứ Năm'),
    ('0134', 14, 05, 2, 2021, N'Thứ Sáu'),
    ('0135', 15, 05, 2, 2021, N'Thứ Bảy'),
    ('0136', 16, 05, 2, 2021, N'Chủ Nhật'),
    ('0137', 17, 05, 2, 2021, N'Thứ Hai'),
    ('0138', 18, 05, 2, 2021, N'Thứ Ba'),
    ('0139', 19, 05, 2, 2021, N'Thứ Tư'),
    ('0140', 20, 05, 2, 2021, N'Thứ Năm'),
    ('0141', 21, 05, 2, 2021, N'Thứ Sáu'),
    ('0142', 22, 05, 2, 2021, N'Thứ Bảy'),
    ('0143', 23, 05, 2, 2021, N'Chủ Nhật'),
    ('0144', 24, 05, 2, 2021, N'Thứ Hai'),
    ('0145', 25, 05, 2, 2021, N'Thứ Ba'),
    ('0146', 26, 05, 2, 2021, N'Thứ Tư'),
    ('0147', 27, 05, 2, 2021, N'Thứ Năm'),
    ('0148', 28, 05, 2, 2021, N'Thứ Sáu'),
    ('0149', 29, 05, 2, 2021, N'Thứ Bảy'),
    ('0150', 30, 05, 2, 2021, N'Chủ Nhật'),
    ('0151', 31, 05, 2, 2021, N'Thứ Hai'),
    ('0152', 01, 06, 2, 2021, N'Thứ Ba'),
    ('0153', 02, 06, 2, 2021, N'Thứ Tư'),
    ('0154', 03, 06, 2, 2021, N'Thứ Năm'),
    ('0155', 04, 06, 2, 2021, N'Thứ Sáu'),
    ('0156', 05, 06, 2, 2021, N'Thứ Bảy'),
    ('0157', 06, 06, 2, 2021, N'Chủ Nhật'),
    ('0158', 07, 06, 2, 2021, N'Thứ Hai'),
    ('0159', 08, 06, 2, 2021, N'Thứ Ba'),
    ('0160', 09, 06, 2, 2021, N'Thứ Tư'),
    ('0161', 10, 06, 2, 2021, N'Thứ Năm'),
    ('0162', 11, 06, 2, 2021, N'Thứ Sáu'),
    ('0163', 12, 06, 2, 2021, N'Thứ Bảy'),
    ('0164', 13, 06, 2, 2021, N'Chủ Nhật'),
    ('0165', 14, 06, 2, 2021, N'Thứ Hai'),
    ('0166', 15, 06, 2, 2021, N'Thứ Ba'),
    ('0167', 16, 06, 2, 2021, N'Thứ Tư'),
    ('0168', 17, 06, 2, 2021, N'Thứ Năm'),
    ('0169', 18, 06, 2, 2021, N'Thứ Sáu'),
    ('0170', 19, 06, 2, 2021, N'Thứ Bảy'),
    ('0171', 20, 06, 2, 2021, N'Chủ Nhật'),
    ('0172', 21, 06, 2, 2021, N'Thứ Hai'),
    ('0173', 22, 06, 2, 2021, N'Thứ Ba'),
    ('0174', 23, 06, 2, 2021, N'Thứ Tư'),
    ('0175', 24, 06, 2, 2021, N'Thứ Năm'),
    ('0176', 25, 06, 2, 2021, N'Thứ Sáu'),
   ('0177', 26, 06, 2, 2021, N'Thứ Bảy'),
    ('0178', 27, 06, 2, 2021, N'Chủ Nhật'),
    ('0179', 28, 06, 2, 2021, N'Thứ Hai'),
    ('0180', 29, 06, 2, 2021, N'Thứ Ba'),
    ('0181', 30, 06, 2, 2021, N'Thứ Tư'),
    ('0182', 01, 07, 3, 2021, N'Thứ Năm'),
    ('0183', 02, 07, 3, 2021, N'Thứ Sáu'),
    ('0184', 03, 07, 3, 2021, N'Thứ Bảy'),
    ('0185', 04, 07, 3, 2021, N'Chủ Nhật'),
    ('0186', 05, 07, 3, 2021, N'Thứ Hai'),
    ('0187', 06, 07, 3, 2021, N'Thứ Ba'),
    ('0188', 07, 07, 3, 2021, N'Thứ Tư'),
    ('0189', 08, 07, 3, 2021, N'Thứ Năm'),
    ('0190', 09, 07, 3, 2021, N'Thứ Sáu'),
    ('0191', 10, 07, 3, 2021, N'Thứ Bảy'),
    ('0192', 11, 07, 3, 2021, N'Chủ Nhật'),
    ('0193', 12, 07, 3, 2021, N'Thứ Hai'),
    ('0194', 13, 07, 3, 2021, N'Thứ Ba'),
    ('0195', 14, 07, 3, 2021, N'Thứ Tư'),
    ('0196', 15, 07, 3, 2021, N'Thứ Năm'),
    ('0197', 16, 07, 3, 2021, N'Thứ Sáu'),
    ('0198', 17, 07, 3, 2021, N'Thứ Bảy'),
    ('0199', 18, 07, 3, 2021, N'Chủ Nhật'),
    ('0200', 19, 07, 3, 2021, N'Thứ Hai'),
    ('0201', 20, 07, 3, 2021, N'Thứ Ba'),
    ('0202', 21, 07, 3, 2021, N'Thứ Tư'),
    ('0203', 22, 07, 3, 2021, N'Thứ Năm'),
    ('0204', 23, 07, 3, 2021, N'Thứ Sáu'),
    ('0205', 24, 07, 3, 2021, N'Thứ Bảy'),
    ('0206', 25, 07, 3, 2021, N'Chủ Nhật'),
    ('0207', 26, 07, 3, 2021, N'Thứ Hai'),
    ('0208', 27, 07, 3, 2021, N'Thứ Ba'),
    ('0209', 28, 07, 3, 2021, N'Thứ Tư'),
    ('0210', 29, 07, 3, 2021, N'Thứ Năm'),
    ('0211', 30, 07, 3, 2021, N'Thứ Sáu'),
    ('0212', 31, 07, 3, 2021, N'Thứ Bảy'),
    ('0213', 01, 08, 3, 2021, N'Chủ Nhật'),
    ('0214', 02, 08, 3, 2021, N'Thứ Hai'),
    ('0215', 03, 08, 3, 2021, N'Thứ Ba'),
    ('0216', 04, 08, 3, 2021, N'Thứ Tư'),
    ('0217', 05, 08, 3, 2021, N'Thứ Năm'),
    ('0218', 06, 08, 3, 2021, N'Thứ Sáu'),
    ('0219', 07, 08, 3, 2021, N'Thứ Bảy'),
    ('0220', 08, 08, 3, 2021, N'Chủ Nhật'),
    ('0221', 09, 08, 3, 2021, N'Thứ Hai'),
    ('0222', 10, 08, 3, 2021, N'Thứ Ba'),
    ('0223', 11, 08, 3, 2021, N'Thứ Tư'),
    ('0224', 12, 08, 3, 2021, N'Thứ Năm'),
    ('0225', 13, 08, 3, 2021, N'Thứ Sáu'),
    ('0226', 14, 08, 3, 2021, N'Thứ Bảy'),
    ('0227', 15, 08, 3, 2021, N'Chủ Nhật'),
    ('0228', 16, 08, 3, 2021, N'Thứ Hai'),
    ('0229', 17, 08, 3, 2021, N'Thứ Ba'),
    ('0230', 18, 08, 3, 2021, N'Thứ Tư'),
    ('0231', 19, 08, 3, 2021, N'Thứ Năm'),
    ('0232', 20, 08, 3, 2021, N'Thứ Sáu'),
    ('0233', 21, 08, 3, 2021, N'Thứ Bảy'),
    ('0234', 22, 08, 3, 2021, N'Chủ Nhật'),
    ('0235', 23, 08, 3, 2021, N'Thứ Hai'),
    ('0236', 24, 08, 3, 2021, N'Thứ Ba'),
    ('0237', 25, 08, 3, 2021, N'Thứ Tư'),
    ('0238', 26, 08, 3, 2021, N'Thứ Năm'),
    ('0239', 27, 08, 3, 2021, N'Thứ Sáu'),
    ('0240', 28, 08, 3, 2021, N'Thứ Bảy'),
    ('0241', 29, 08, 3, 2021, N'Chủ Nhật'),
    ('0242', 30, 08, 3, 2021, N'Thứ Hai'),
    ('0243', 31, 08, 3, 2021, N'Thứ Ba'),
    ('0244', 01, 09, 3, 2021, N'Thứ Tư'),
    ('0245', 02, 09, 3, 2021, N'Thứ Năm'),
    ('0246', 03, 09, 3, 2021, N'Thứ Sáu'),
    ('0247', 04, 09, 3, 2021, N'Thứ Bảy'),
    ('0248', 05, 09, 3, 2021, N'Chủ Nhật'),
    ('0249', 06, 09, 3, 2021, N'Thứ Hai'),
    ('0250', 07, 09, 3, 2021, N'Thứ Ba'),
    ('0251', 08, 09, 3, 2021, N'Thứ Tư'),
    ('0252', 09, 09, 3, 2021, N'Thứ Năm'),
    ('0253', 10, 09, 3, 2021, N'Thứ Sáu'),
    ('0254', 11, 09, 3, 2021, N'Thứ Bảy'),
    ('0255', 12, 09, 3, 2021, N'Chủ Nhật'),
    ('0256', 13, 09, 3, 2021, N'Thứ Hai'),
    ('0257', 14, 09, 3, 2021, N'Thứ Ba'),
    ('0258', 15, 09, 3, 2021, N'Thứ Tư'),
    ('0259', 16, 09, 3, 2021, N'Thứ Năm'),
    ('0260', 17, 09, 3, 2021, N'Thứ Sáu'),
    ('0261', 18, 09, 3, 2021, N'Thứ Bảy'),
    ('0262', 19, 09, 3, 2021, N'Chủ Nhật'),
    ('0263', 20, 09, 3, 2021, N'Thứ Hai'),
    ('0264', 21, 09, 3, 2021, N'Thứ Ba'),
    ('0265', 22, 09, 3, 2021, N'Thứ Tư'),
    ('0266', 23, 09, 3, 2021, N'Thứ Năm'),
    ('0267', 24, 09, 3, 2021, N'Thứ Sáu'),
    ('0268', 25, 09, 3, 2021, N'Thứ Bảy'),
    ('0269', 26, 09, 3, 2021, N'Chủ Nhật'),
    ('0270', 27, 09, 3, 2021, N'Thứ Hai'),
    ('0271', 28, 09, 3, 2021, N'Thứ Ba'),
    ('0272', 29, 09, 3, 2021, N'Thứ Tư'),
    ('0273', 30, 09, 3, 2021, N'Thứ Năm'),
    ('0274', 01, 10, 4, 2021, N'Thứ Sáu'),
    ('0275', 02, 10, 4, 2021, N'Thứ Bảy'),
    ('0276', 03, 10, 4, 2021, N'Chủ Nhật'),
    ('0277', 04, 10, 4, 2021, N'Thứ Hai'),
    ('0278', 05, 10, 4, 2021, N'Thứ Ba'),
    ('0279', 06, 10, 4, 2021, N'Thứ Tư'),
    ('0280', 07, 10, 4, 2021, N'Thứ Năm'),
    ('0281', 08, 10, 4, 2021, N'Thứ Sáu'),
    ('0282', 09, 10, 4, 2021, N'Thứ Bảy'),
    ('0283', 10, 10, 4, 2021, N'Chủ Nhật'),
    ('0284', 11, 10, 4, 2021, N'Thứ Hai'),
    ('0285', 12, 10, 4, 2021, N'Thứ Ba'),
    ('0286', 13, 10, 4, 2021, N'Thứ Tư'),
    ('0287', 14, 10, 4, 2021, N'Thứ Năm'),
    ('0288', 15, 10, 4, 2021, N'Thứ Sáu'),
    ('0289', 16, 10, 4, 2021, N'Thứ Bảy'),
    ('0290', 17, 10, 4, 2021, N'Chủ Nhật'),
    ('0291', 18, 10, 4, 2021, N'Thứ Hai'),
    ('0292', 19, 10, 4, 2021, N'Thứ Ba'),
    ('0293', 20, 10, 4, 2021, N'Thứ Tư'),
    ('0294', 21, 10, 4, 2021, N'Thứ Năm'),
    ('0295', 22, 10, 4, 2021, N'Thứ Sáu'),
    ('0296', 23, 10, 4, 2021, N'Thứ Bảy'),
    ('0297', 24, 10, 4, 2021, N'Chủ Nhật'),
    ('0298', 25, 10, 4, 2021, N'Thứ Hai'),
    ('0299', 26, 10, 4, 2021, N'Thứ Ba'),
    ('0300', 27, 10, 4, 2021, N'Thứ Tư'),
    ('0301', 28, 10, 4, 2021, N'Thứ Năm'),
    ('0302', 29, 10, 4, 2021, N'Thứ Sáu'),
    ('0303', 30, 10, 4, 2021, N'Thứ Bảy'),
    ('0304', 31, 10, 4, 2021, N'Chủ Nhật'),
    ('0305', 1, 11, 4, 2021, N'Thứ Hai'),
    ('0306', 2, 11, 4, 2021, N'Thứ Ba'),
    ('0307', 3, 11, 4, 2021, N'Thứ Tư'),
    ('0308', 4, 11, 4, 2021, N'Thứ Năm'),
('0309', 5, 11, 4, 2021, N'Thứ Sáu'),
('0310', 6, 11, 4, 2021, N'Thứ Bảy'),
('0311', 7, 11, 4, 2021, N'Chủ Nhật'),
('0312', 8, 11, 4, 2021, N'Thứ Hai'),
('0313', 9, 11, 4, 2021, N'Thứ Ba'),
('0314', 10, 11, 4, 2021, N'Thứ Tư'),
('0315', 11, 11, 4, 2021, N'Thứ Năm'),
('0316', 12, 11, 4, 2021, N'Thứ Sáu'),
('0317', 13, 11, 4, 2021, N'Thứ Bảy'),
('0318', 14, 11, 4, 2021, N'Chủ Nhật'),
('0319', 15, 11, 4, 2021, N'Thứ Hai'),
('0320', 16, 11, 4, 2021, N'Thứ Ba'),
('0321', 17, 11, 4, 2021, N'Thứ Tư'),
('0322', 18, 11, 4, 2021, N'Thứ Năm'),
('0323', 19, 11, 4, 2021, N'Thứ Sáu'),
('0324', 20, 11, 4, 2021, N'Thứ Bảy'),
('0325', 21, 11, 4, 2021, N'Chủ Nhật'),
('0326', 22, 11, 4, 2021, N'Thứ Hai'),
('0327', 23, 11, 4, 2021, N'Thứ Ba'),
('0328', 24, 11, 4, 2021, N'Thứ Tư'),
('0329', 25, 11, 4, 2021, N'Thứ Năm'),
('0330', 26, 11, 4, 2021, N'Thứ Sáu'),
('0331', 27, 11, 4, 2021, N'Thứ Bảy'),
('0332', 28, 11, 4, 2021, N'Chủ Nhật'),
('0333', 29, 11, 4, 2021, N'Thứ Hai'),
('0334', 30, 11, 4, 2021, N'Thứ Ba'),
('0335', 1, 12, 4, 2021, N'Thứ Tư'),
('0336', 2, 12, 4, 2021, N'Thứ Năm'),
('0337', 3, 12, 4, 2021, N'Thứ Sáu'),
('0338', 4, 12, 4, 2021, N'Thứ Bảy'),
('0339', 5, 12, 4, 2021, N'Chủ Nhật'),
('0340', 6, 12, 4, 2021, N'Thứ Hai'),
('0341', 7, 12, 4, 2021, N'Thứ Ba'),
('0342', 8, 12, 4, 2021, N'Thứ Tư'),
('0343', 9, 12, 4, 2021, N'Thứ Năm'),
('0344', 10, 12, 4, 2021, N'Thứ Sáu'),
('0345', 11, 12, 4, 2021, N'Thứ Bảy'),
('0346', 12, 12, 4, 2021, N'Chủ Nhật'),
('0347', 13, 12, 4, 2021, N'Thứ Hai'),
('0348', 14, 12, 4, 2021, N'Thứ Ba'),
('0349', 15, 12, 4, 2021, N'Thứ Tư'),
('0350', 16, 12, 4, 2021, N'Thứ Năm'),
('0351', 17, 12, 4, 2021, N'Thứ Sáu'),
('0352', 18, 12, 4, 2021, N'Thứ Bảy'),
('0353', 19, 12, 4, 2021, N'Chủ Nhật'),
('0354', 20, 12, 4, 2021, N'Thứ Hai'),
('0355', 21, 12, 4, 2021, N'Thứ Ba'),
('0356', 22, 12, 4, 2021, N'Thứ Tư'),
('0357', 23, 12, 4, 2021, N'Thứ Năm'),
('0358', 24, 12, 4, 2021, N'Thứ Sáu'),
('0359', 25, 12, 4, 2021, N'Thứ Bảy'),
('0360', 26, 12, 4, 2021, N'Chủ Nhật'),
('0361', 27, 12, 4, 2021, N'Thứ Hai'),
('0362', 28, 12, 4, 2021, N'Thứ Ba'),
('0363', 29, 12, 4, 2021, N'Thứ Tư'),
('0364', 30, 12, 4, 2021, N'Thứ Năm'),
('0365', 31, 12, 4, 2021, N'Thứ Sáu'),
('0366', 01, 01, 1, 2022, N'Thứ Bảy'),
('0367', 02, 01, 1, 2022, N'Chủ Nhật'),
('0368', 03, 01, 1, 2022, N'Thứ Hai'),
('0369', 04, 01, 1, 2022, N'Thứ Ba'),
('0370', 05, 01, 1, 2022, N'Thứ Tư'),
('0371', 06, 01, 1, 2022, N'Thứ Năm'),
('0372', 07, 01, 1, 2022, N'Thứ Sáu'),
('0373', 08, 01, 1, 2022, N'Thứ Bảy'),
('0374', 09, 01, 1, 2022, N'Chủ Nhật'),
('0375', 10, 01, 1, 2022, N'Thứ Hai'),
('0376', 11, 01, 1, 2022, N'Thứ Ba'),
('0377', 12, 01, 1, 2022, N'Thứ Tư'),
('0378', 13, 01, 1, 2022, N'Thứ Năm'),
('0379', 14, 01, 1, 2022, N'Thứ Sáu'),
('0380', 15, 01, 1, 2022, N'Thứ Bảy'),
('0381', 16, 01, 1, 2022, N'Chủ Nhật'),
('0382', 17, 01, 1, 2022, N'Thứ Hai'),
('0383', 18, 01, 1, 2022, N'Thứ Ba'),
('0384', 19, 01, 1, 2022, N'Thứ Tư'),
('0385', 20, 01, 1, 2022, N'Thứ Năm'),
('0386', 21, 01, 1, 2022, N'Thứ Sáu'),
('0387', 22, 01, 1, 2022, N'Thứ Bảy'),
('0388', 23, 01, 1, 2022, N'Chủ Nhật'),
('0389', 24, 01, 1, 2022, N'Thứ Hai'),
('0390', 25, 01, 1, 2022, N'Thứ Ba'),
('0391', 26, 01, 1, 2022, N'Thứ Tư'),
('0392', 27, 01, 1, 2022, N'Thứ Năm'),
('0393', 28, 01, 1, 2022, N'Thứ Sáu'),
('0394', 29, 01, 1, 2022, N'Thứ Bảy'),
('0395', 30, 01, 1, 2022, N'Chủ Nhật'),
('0396', 31, 01, 1, 2022, N'Thứ Hai'),
('0397', 01, 02, 1, 2022, N'Thứ Ba'),
('0398', 02, 02, 1, 2022, N'Thứ Tư'),
('0399', 03, 02, 1, 2022, N'Thứ Năm'),
('0400', 04, 02, 1, 2022, N'Thứ Sáu'),
('0401', 05, 02, 1, 2022, N'Thứ Bảy'),
('0402', 06, 02, 1, 2022, N'Chủ Nhật'),
('0403', 07, 02, 1, 2022, N'Thứ Hai'),
('0404', 08, 02, 1, 2022, N'Thứ Ba'),
('0405', 09, 02, 1, 2022, N'Thứ Tư'),
('0406', 10, 02, 1, 2022, N'Thứ Năm'),
('0407', 11, 02, 1, 2022, N'Thứ Sáu'),
('0408', 12, 02, 1, 2022, N'Thứ Bảy'),
('0409', 13, 02, 1, 2022, N'Chủ Nhật'),
('0410', 14, 02, 1, 2022, N'Thứ Hai'),
('0411', 15, 02, 1, 2022, N'Thứ Ba'),
('0412', 16, 02, 1, 2022, N'Thứ Tư'),
('0413', 17, 02, 1, 2022, N'Thứ Năm'),
('0414', 18, 02, 1, 2022, N'Thứ Sáu'),
('0415', 19, 02, 1, 2022, N'Thứ Bảy'),
('0416', 20, 02, 1, 2022, N'Chủ Nhật'),
('0417', 21, 02, 1, 2022, N'Thứ Hai'),
('0418', 22, 02, 1, 2022, N'Thứ Ba'),
('0419', 23, 02, 1, 2022, N'Thứ Tư'),
('0420', 24, 02, 1, 2022, N'Thứ Năm'),
('0421', 25, 02, 1, 2022, N'Thứ Sáu'),
('0422', 26, 02, 1, 2022, N'Thứ Bảy'),
('0423', 27, 02, 1, 2022, N'Chủ Nhật'),
('0424', 28, 02, 1, 2022, N'Thứ Hai'),
('0425', 01, 03, 1, 2022, N'Thứ Ba'),
('0426', 02, 03, 1, 2022, N'Thứ Tư'),
('0427', 03, 03, 1, 2022, N'Thứ Năm'),
('0428', 04, 03, 1, 2022, N'Thứ Sáu'),
('0429', 05, 03, 1, 2022, N'Thứ Bảy'),
('0430', 06, 03, 1, 2022, N'Chủ Nhật'),
('0431', 07, 03, 1, 2022, N'Thứ Hai'),
('0432', 08, 03, 1, 2022, N'Thứ Ba'),
('0433', 09, 03, 1, 2022, N'Thứ Tư'),
('0434', 10, 03, 1, 2022, N'Thứ Năm'),
('0435', 11, 03, 1, 2022, N'Thứ Sáu'),
('0436', 12, 03, 1, 2022, N'Thứ Bảy'),
('0437', 13, 03, 1, 2022, N'Chủ Nhật'),
('0438', 14, 03, 1, 2022, N'Thứ Hai'),
('0439', 15, 03, 1, 2022, N'Thứ Ba'),
('0440', 16, 03, 1, 2022, N'Thứ Tư'),
('0441', 17, 03, 1, 2022, N'Thứ Năm'),
('0442', 18, 03, 1, 2022, N'Thứ Sáu'),
('0443', 19, 03, 1, 2022, N'Thứ Bảy'),
('0444', 20, 03, 1, 2022, N'Chủ Nhật'),
('0445', 21, 03, 1, 2022, N'Thứ Hai'),
('0446', 22, 03, 1, 2022, N'Thứ Ba'),
('0447', 23, 03, 1, 2022, N'Thứ Tư'),
('0448', 24, 03, 1, 2022, N'Thứ Năm'),
('0449', 25, 03, 1, 2022, N'Thứ Sáu'),
('0450', 26, 03, 1, 2022, N'Thứ Bảy'),
('0451', 27, 03, 1, 2022, N'Chủ Nhật'),
('0452', 28, 03, 1, 2022, N'Thứ Hai'),
('0453', 29, 03, 1, 2022, N'Thứ Ba'),
('0454', 30, 03, 1, 2022, N'Thứ Tư'),
('0455', 31, 03, 1, 2022, N'Thứ Năm'),
('0456', 01, 04, 2, 2022, N'Thứ Sáu'),
('0457', 02, 04, 2, 2022, N'Thứ Bảy'),
('0458', 03, 04, 2, 2022, N'Chủ Nhật'),
('0459', 04, 04, 2, 2022, N'Thứ Hai'),
('0460', 05, 04, 2, 2022, N'Thứ Ba'),
('0461', 06, 04, 2, 2022, N'Thứ Tư'),
('0462', 07, 04, 2, 2022, N'Thứ Năm'),
('0463', 08, 04, 2, 2022, N'Thứ Sáu'),
('0464', 09, 04, 2, 2022, N'Thứ Bảy'),
('0465', 10, 04, 2, 2022, N'Chủ Nhật'),
('0466', 11, 04, 2, 2022, N'Thứ Hai'),
('0467', 12, 04, 2, 2022, N'Thứ Ba'),
('0468', 13, 04, 2, 2022, N'Thứ Tư'),
('0469', 14, 04, 2, 2022, N'Thứ Năm'),
('0470', 15, 04, 2, 2022, N'Thứ Sáu'),
('0471', 16, 04, 2, 2022, N'Thứ Bảy'),
('0472', 17, 04, 2, 2022, N'Chủ Nhật'),
('0473', 18, 04, 2, 2022, N'Thứ Hai'),
('0474', 19, 04, 2, 2022, N'Thứ Ba'),
('0475', 20, 04, 2, 2022, N'Thứ Tư'),
('0476', 21, 04, 2, 2022, N'Thứ Năm'),
('0477', 22, 04, 2, 2022, N'Thứ Sáu'),
('0478', 23, 04, 2, 2022, N'Thứ Bảy'),
('0479', 24, 04, 2, 2022, N'Chủ Nhật'),
('0480', 25, 04, 2, 2022, N'Thứ Hai'),
('0481', 26, 04, 2, 2022, N'Thứ Ba'),
('0482', 27, 04, 2, 2022, N'Thứ Tư'),
('0483', 28, 04, 2, 2022, N'Thứ Năm'),
('0484', 29, 04, 2, 2022, N'Thứ Sáu'),
('0485', 30, 04, 2, 2022, N'Thứ Bảy'),
('0486', 01, 05, 2, 2022, N'Chủ Nhật'),
('0487', 02, 05, 2, 2022, N'Thứ Hai'),
('0488', 03, 05, 2, 2022, N'Thứ Ba'),
('0489', 04, 05, 2, 2022, N'Thứ Tư'),
('0490', 05, 05, 2, 2022, N'Thứ Năm'),
('0491', 06, 05, 2, 2022, N'Thứ Sáu'),
('0492', 07, 05, 2, 2022, N'Thứ Bảy'),
('0493', 08, 05, 2, 2022, N'Chủ Nhật'),
('0494', 09, 05, 2, 2022, N'Thứ Hai'),
('0495', 10, 05, 2, 2022, N'Thứ Ba'),
('0496', 11, 05, 2, 2022, N'Thứ Tư'),
('0497', 12, 05, 2, 2022, N'Thứ Năm'),
('0498', 13, 05, 2, 2022, N'Thứ Sáu'),
('0499', 14, 05, 2, 2022, N'Thứ Bảy'),
('0500', 15, 05, 2, 2022, N'Chủ Nhật'),
('0501', 16, 05, 2, 2022, N'Thứ Hai'),
('0502', 17, 05, 2, 2022, N'Thứ Ba'),
('0503', 18, 05, 2, 2022, N'Thứ Tư'),
('0504', 19, 05, 2, 2022, N'Thứ Năm'),
('0505', 20, 05, 2, 2022, N'Thứ Sáu'),
('0506', 21, 05, 2, 2022, N'Thứ Bảy'),
('0507', 22, 05, 2, 2022, N'Chủ Nhật'),
('0508', 23, 05, 2, 2022, N'Thứ Hai'),
('0509', 24, 05, 2, 2022, N'Thứ Ba'),
('0510', 25, 05, 2, 2022, N'Thứ Tư'),
('0511', 26, 05, 2, 2022, N'Thứ Năm'),
('0512', 27, 05, 2, 2022, N'Thứ Sáu'),
('0513', 28, 05, 2, 2022, N'Thứ Bảy'),
('0514', 29, 05, 2, 2022, N'Chủ Nhật'),
('0515', 30, 05, 2, 2022, N'Thứ Hai'),
('0516', 31, 05, 2, 2022, N'Thứ Ba'),
('0517', 01, 06, 2, 2022, N'Thứ Tư'),
('0518', 02, 06, 2, 2022, N'Thứ Năm'),
('0519', 03, 06, 2, 2022, N'Thứ Sáu'),
('0520', 04, 06, 2, 2022, N'Thứ Bảy'),
('0521', 05, 06, 2, 2022, N'Chủ Nhật'),
('0522', 06, 06, 2, 2022, N'Thứ Hai'),
('0523', 07, 06, 2, 2022, N'Thứ Ba'),
('0524', 08, 06, 2, 2022, N'Thứ Tư'),
('0525', 09, 06, 2, 2022, N'Thứ Năm'),
('0526', 10, 06, 2, 2022, N'Thứ Sáu'),
('0527', 11, 06, 2, 2022, N'Thứ Bảy'),
('0528', 12, 06, 2, 2022, N'Chủ Nhật'),
('0529', 13, 06, 2, 2022, N'Thứ Hai'),
('0530', 14, 06, 2, 2022, N'Thứ Ba'),
('0531', 15, 06, 2, 2022, N'Thứ Tư'),
('0532', 16, 06, 2, 2022, N'Thứ Năm'),
('0533', 17, 06, 2, 2022, N'Thứ Sáu'),
('0534', 18, 06, 2, 2022, N'Thứ Bảy'),
('0535', 19, 06, 2, 2022, N'Chủ Nhật'),
('0536', 20, 06, 2, 2022, N'Thứ Hai'),
('0537', 21, 06, 2, 2022, N'Thứ Ba'),
('0538', 22, 06, 2, 2022, N'Thứ Tư'),
('0539', 23, 06, 2, 2022, N'Thứ Năm'),
('0540', 24, 06, 2, 2022, N'Thứ Sáu'),
('0541', 25, 06, 2, 2022, N'Thứ Bảy'),
('0542', 26, 06, 2, 2022, N'Chủ Nhật'),
('0543', 27, 06, 2, 2022, N'Thứ Hai'),
('0544', 28, 06, 2, 2022, N'Thứ Ba'),
('0545', 29, 06, 2, 2022, N'Thứ Tư'),
('0546', 30, 06, 2, 2022, N'Thứ Năm'),
('0547', 01, 07, 3, 2022, N'Thứ Sáu'),
('0548', 02, 07, 3, 2022, N'Thứ Bảy'),
('0549', 03, 07, 3, 2022, N'Chủ Nhật'),
('0550', 04, 07, 3, 2022, N'Thứ Hai'),
('0551', 05, 07, 3, 2022, N'Thứ Ba'),
('0552', 06, 07, 3, 2022, N'Thứ Tư'),
('0553', 07, 07, 3, 2022, N'Thứ Năm'),
('0554', 08, 07, 3, 2022, N'Thứ Sáu'),
('0555', 09, 07, 3, 2022, N'Thứ Bảy'),
('0556', 10, 07, 3, 2022, N'Chủ Nhật'),
('0557', 11, 07, 3, 2022, N'Thứ Hai'),
('0558', 12, 07, 3, 2022, N'Thứ Ba'),
('0559', 13, 07, 3, 2022, N'Thứ Tư'),
('0560', 14, 07, 3, 2022, N'Thứ Năm'),
('0561', 15, 07, 3, 2022, N'Thứ Sáu'),
('0562', 16, 07, 3, 2022, N'Thứ Bảy'),
('0563', 17, 07, 3, 2022, N'Chủ Nhật'),
('0564', 18, 07, 3, 2022, N'Thứ Hai'),
('0565', 19, 07, 3, 2022, N'Thứ Ba'),
('0566', 20, 07, 3, 2022, N'Thứ Tư'),
('0567', 21, 07, 3, 2022, N'Thứ Năm'),
('0568', 22, 07, 3, 2022, N'Thứ Sáu'),
('0569', 23, 07, 3, 2022, N'Thứ Bảy'),
('0570', 24, 07, 3, 2022, N'Chủ Nhật'),
('0571', 25, 07, 3, 2022, N'Thứ Hai'),
('0572', 26, 07, 3, 2022, N'Thứ Ba'),
('0573', 27, 07, 3, 2022, N'Thứ Tư'),
('0574', 28, 07, 3, 2022, N'Thứ Năm'),
('0575', 29, 07, 3, 2022, N'Thứ Sáu'),
('0576', 30, 07, 3, 2022, N'Thứ Bảy'),
('0577', 31, 07, 3, 2022, N'Chủ Nhật'),
('0578', 01, 08, 3, 2022, N'Thứ Hai'),
('0579', 02, 08, 3, 2022, N'Thứ Ba'),
('0580', 03, 08, 3, 2022, N'Thứ Tư'),
('0581', 04, 08, 3, 2022, N'Thứ Năm'),
('0582', 05, 08, 3, 2022, N'Thứ Sáu'),
('0583', 06, 08, 3, 2022, N'Thứ Bảy'),
('0584', 07, 08, 3, 2022, N'Chủ Nhật'),
('0585', 08, 08, 3, 2022, N'Thứ Hai'),
('0586', 09, 08, 3, 2022, N'Thứ Ba'),
('0587', 10, 08, 3, 2022, N'Thứ Tư'),
('0588', 11, 08, 3, 2022, N'Thứ Năm'),
('0589', 12, 08, 3, 2022, N'Thứ Sáu'),
('0590', 13, 08, 3, 2022, N'Thứ Bảy'),
('0591', 14, 08, 3, 2022, N'Chủ Nhật'),
('0592', 15, 08, 3, 2022, N'Thứ Hai'),
('0593', 16, 08, 3, 2022, N'Thứ Ba'),
('0594', 17, 08, 3, 2022, N'Thứ Tư'),
('0595', 18, 08, 3, 2022, N'Thứ Năm'),
('0596', 19, 08, 3, 2022, N'Thứ Sáu'),
('0597', 20, 08, 3, 2022, N'Thứ Bảy'),
('0598', 21, 08, 3, 2022, N'Chủ Nhật'),
('0599', 22, 08, 3, 2022, N'Thứ Hai'),
('0600', 23, 08, 3, 2022, N'Thứ Ba'),
('0601', 24, 08, 3, 2022, N'Thứ Tư'),
('0602', 25, 08, 3, 2022, N'Thứ Năm'),
('0603', 26, 08, 3, 2022, N'Thứ Sáu'),
('0604', 27, 08, 3, 2022, N'Thứ Bảy'),
('0605', 28, 08, 3, 2022, N'Chủ Nhật'),
('0606', 29, 08, 3, 2022, N'Thứ Hai'),
('0607', 30, 08, 3, 2022, N'Thứ Ba'),
('0608', 31, 08, 3, 2022, N'Thứ Tư'),
('0609', 01, 09, 3, 2022, N'Thứ Năm'),
('0610', 02, 09, 3, 2022, N'Thứ Sáu'),
('0611', 03, 09, 3, 2022, N'Thứ Bảy'),
('0612', 04, 09, 3, 2022, N'Chủ Nhật'),
('0613', 05, 09, 3, 2022, N'Thứ Hai'),
('0614', 06, 09, 3, 2022, N'Thứ Ba'),
('0615', 07, 09, 3, 2022, N'Thứ Tư'),
('0616', 08, 09, 3, 2022, N'Thứ Năm'),
('0617', 09, 09, 3, 2022, N'Thứ Sáu'),
('0618', 10, 09, 3, 2022, N'Thứ Bảy'),
('0619', 11, 09, 3, 2022, N'Chủ Nhật'),
('0620', 12, 09, 3, 2022, N'Thứ Hai'),
('0621', 13, 09, 3, 2022, N'Thứ Ba'),
('0622', 14, 09, 3, 2022, N'Thứ Tư'),
('0623', 15, 09, 3, 2022, N'Thứ Năm'),
('0624', 16, 09, 3, 2022, N'Thứ Sáu'),
('0625', 17, 09, 3, 2022, N'Thứ Bảy'),
('0626', 18, 09, 3, 2022, N'Chủ Nhật'),
('0627', 19, 09, 3, 2022, N'Thứ Hai'),
('0628', 20, 09, 3, 2022, N'Thứ Ba'),
('0629', 21, 09, 3, 2022, N'Thứ Tư'),
('0630', 22, 09, 3, 2022, N'Thứ Năm'),
('0631', 23, 09, 3, 2022, N'Thứ Sáu'),
('0632', 24, 09, 3, 2022, N'Thứ Bảy'),
('0633', 25, 09, 3, 2022, N'Chủ Nhật'),
('0634', 26, 09, 3, 2022, N'Thứ Hai'),
('0635', 27, 09, 3, 2022, N'Thứ Ba'),
('0636', 28, 09, 3, 2022, N'Thứ Tư'),
('0637', 29, 09, 3, 2022, N'Thứ Năm'),
('0638', 30, 09, 3, 2022, N'Thứ Sáu'),
('0639', 01, 10, 4, 2022, N'Thứ Bảy'),
('0640', 02, 10, 4, 2022, N'Chủ Nhật'),
('0641', 03, 10, 4, 2022, N'Thứ Hai'),
('0642', 04, 10, 4, 2022, N'Thứ Ba'),
('0643', 05, 10, 4, 2022, N'Thứ Tư'),
('0644', 06, 10, 4, 2022, N'Thứ Năm'),
('0645', 07, 10, 4, 2022, N'Thứ Sáu'),
('0646', 08, 10, 4, 2022, N'Thứ Bảy'),
('0647', 09, 10, 4, 2022, N'Chủ Nhật'),
('0648', 10, 10, 4, 2022, N'Thứ Hai'),
('0649', 11, 10, 4, 2022, N'Thứ Ba'),
('0650', 12, 10, 4, 2022, N'Thứ Tư'),
('0651', 13, 10, 4, 2022, N'Thứ Năm'),
('0652', 14, 10, 4, 2022, N'Thứ Sáu'),
('0653', 15, 10, 4, 2022, N'Thứ Bảy'),
('0654', 16, 10, 4, 2022, N'Chủ Nhật'),
('0655', 17, 10, 4, 2022, N'Thứ Hai'),
('0656', 18, 10, 4, 2022, N'Thứ Ba'),
('0657', 19, 10, 4, 2022, N'Thứ Tư'),
('0658', 20, 10, 4, 2022, N'Thứ Năm'),
('0659', 21, 10, 4, 2022, N'Thứ Sáu'),
('0660', 22, 10, 4, 2022, N'Thứ Bảy'),
('0661', 23, 10, 4, 2022, N'Chủ Nhật'),
('0662', 24, 10, 4, 2022, N'Thứ Hai'),
('0663', 25, 10, 4, 2022, N'Thứ Ba'),
('0664', 26, 10, 4, 2022, N'Thứ Tư'),
('0665', 27, 10, 4, 2022, N'Thứ Năm'),
('0666', 28, 10, 4, 2022, N'Thứ Sáu'),
('0667', 29, 10, 4, 2022, N'Thứ Bảy'),
('0668', 30, 10, 4, 2022, N'Chủ Nhật'),
('0669', 31, 10, 4, 2022, N'Thứ Hai'),
('0670', 01, 11, 4, 2022, N'Thứ Ba'),
('0671', 02, 11, 4, 2022, N'Thứ Tư'),
('0672', 03, 11, 4, 2022, N'Thứ Năm'),
('0673', 04, 11, 4, 2022, N'Thứ Sáu'),
('0674', 05, 11, 4, 2022, N'Thứ Bảy'),
('0675', 06, 11, 4, 2022, N'Chủ Nhật'),
('0676', 07, 11, 4, 2022, N'Thứ Hai'),
('0677', 08, 11, 4, 2022, N'Thứ Ba'),
('0678', 09, 11, 4, 2022, N'Thứ Tư'),
('0679', 10, 11, 4, 2022, N'Thứ Năm'),
('0680', 11, 11, 4, 2022, N'Thứ Sáu'),
('0681', 12, 11, 4, 2022, N'Thứ Bảy'),
('0682', 13, 11, 4, 2022, N'Chủ Nhật'),
('0683', 14, 11, 4, 2022, N'Thứ Hai'),
('0684', 15, 11, 4, 2022, N'Thứ Ba'),
('0685', 16, 11, 4, 2022, N'Thứ Tư'),
('0686', 17, 11, 4, 2022, N'Thứ Năm'),
('0687', 18, 11, 4, 2022, N'Thứ Sáu'),
('0688', 19, 11, 4, 2022, N'Thứ Bảy'),
('0689', 20, 11, 4, 2022, N'Chủ Nhật'),
('0690', 21, 11, 4, 2022, N'Thứ Hai'),
('0691', 22, 11, 4, 2022, N'Thứ Ba'),
('0692', 23, 11, 4, 2022, N'Thứ Tư'),
('0693', 24, 11, 4, 2022, N'Thứ Năm'),
('0694', 25, 11, 4, 2022, N'Thứ Sáu'),
('0695', 26, 11, 4, 2022, N'Thứ Bảy'),
('0696', 27, 11, 4, 2022, N'Chủ Nhật'),
('0697', 28, 11, 4, 2022, N'Thứ Hai'),
('0698', 29, 11, 4, 2022, N'Thứ Ba'),
('0699', 30, 11, 4, 2022, N'Thứ Tư'),
('0700', 01, 12, 4, 2022, N'Thứ Năm'),
('0701', 02, 12, 4, 2022, N'Thứ Sáu'),
('0702', 03, 12, 4, 2022, N'Thứ Bảy'),
('0703', 04, 12, 4, 2022, N'Chủ Nhật'),
('0704', 05, 12, 4, 2022, N'Thứ Hai'),
('0705', 06, 12, 4, 2022, N'Thứ Ba'),
('0706', 07, 12, 4, 2022, N'Thứ Tư'),
('0707', 08, 12, 4, 2022, N'Thứ Năm'),
('0708', 09, 12, 4, 2022, N'Thứ Sáu'),
('0709', 10, 12, 4, 2022, N'Thứ Bảy'),
('0710', 11, 12, 4, 2022, N'Chủ Nhật'),
('0711', 12, 12, 4, 2022, N'Thứ Hai'),
('0712', 13, 12, 4, 2022, N'Thứ Ba'),
('0713', 14, 12, 4, 2022, N'Thứ Tư'),
('0714', 15, 12, 4, 2022, N'Thứ Năm'),
('0715', 16, 12, 4, 2022, N'Thứ Sáu'),
('0716', 17, 12, 4, 2022, N'Thứ Bảy'),
('0717', 18, 12, 4, 2022, N'Chủ Nhật'),
('0718', 19, 12, 4, 2022, N'Thứ Hai'),
('0719', 20, 12, 4, 2022, N'Thứ Ba'),
('0720', 21, 12, 4, 2022, N'Thứ Tư'),
('0721', 22, 12, 4, 2022, N'Thứ Năm'),
('0722', 23, 12, 4, 2022, N'Thứ Sáu'),
('0723', 24, 12, 4, 2022, N'Thứ Bảy'),
('0724', 25, 12, 4, 2022, N'Chủ Nhật'),
('0725', 26, 12, 4, 2022, N'Thứ Hai'),
('0726', 27, 12, 4, 2022, N'Thứ Ba'),
('0727', 28, 12, 4, 2022, N'Thứ Tư'),
('0728', 29, 12, 4, 2022, N'Thứ Năm'),
('0729', 30, 12, 4, 2022, N'Thứ Sáu'),
('0730', 31, 12, 4, 2022, N'Thứ Bảy'),
('0731', 01, 01, 1, 2023, N'Chủ Nhật'),
('0732', 02, 01, 1, 2023, N'Thứ Hai'),
('0733', 03, 01, 1, 2023, N'Thứ Ba'),
('0734', 04, 01, 1, 2023, N'Thứ Tư'),
('0735', 05, 01, 1, 2023, N'Thứ Năm'),
('0736', 06, 01, 1, 2023, N'Thứ Sáu'),
('0737', 07, 01, 1, 2023, N'Thứ Bảy'),
('0738', 08, 01, 1, 2023, N'Chủ Nhật'),
('0739', 09, 01, 1, 2023, N'Thứ Hai'),
('0740', 10, 01, 1, 2023, N'Thứ Ba'),
('0741', 11, 01, 1, 2023, N'Thứ Tư'),
('0742', 12, 01, 1, 2023, N'Thứ Năm'),
('0743', 13, 01, 1, 2023, N'Thứ Sáu'),
('0744', 14, 01, 1, 2023, N'Thứ Bảy'),
('0745', 15, 01, 1, 2023, N'Chủ Nhật'),
('0746', 16, 01, 1, 2023, N'Thứ Hai'),
('0747', 17, 01, 1, 2023, N'Thứ Ba'),
('0748', 18, 01, 1, 2023, N'Thứ Tư'),
('0749', 19, 01, 1, 2023, N'Thứ Năm'),
('0750', 20, 01, 1, 2023, N'Thứ Sáu'),
('0751', 21, 01, 1, 2023, N'Thứ Bảy'),
('0752', 22, 01, 1, 2023, N'Chủ Nhật'),
('0753', 23, 01, 1, 2023, N'Thứ Hai'),
('0754', 24, 01, 1, 2023, N'Thứ Ba'),
('0755', 25, 01, 1, 2023, N'Thứ Tư'),
('0756', 26, 01, 1, 2023, N'Thứ Năm'),
('0757', 27, 01, 1, 2023, N'Thứ Sáu'),
('0758', 28, 01, 1, 2023, N'Thứ Bảy'),
('0759', 29, 01, 1, 2023, N'Chủ Nhật'),
('0760', 30, 01, 1, 2023, N'Thứ Hai'),
('0761', 31, 01, 1, 2023, N'Thứ Ba'),
('0762', 01, 02, 1, 2023, N'Thứ Tư'),
('0763', 02, 02, 1, 2023, N'Thứ Năm'),
('0764', 03, 02, 1, 2023, N'Thứ Sáu'),
('0765', 04, 02, 1, 2023, N'Thứ Bảy'),
('0766', 05, 02, 1, 2023, N'Chủ Nhật'),
('0767', 06, 02, 1, 2023, N'Thứ Hai'),
('0768', 07, 02, 1, 2023, N'Thứ Ba'),
('0769', 08, 02, 1, 2023, N'Thứ Tư'),
('0770', 09, 02, 1, 2023, N'Thứ Năm'),
('0771', 10, 02, 1, 2023, N'Thứ Sáu'),
('0772', 11, 02, 1, 2023, N'Thứ Bảy'),
('0773', 12, 02, 1, 2023, N'Chủ Nhật'),
('0774', 13, 02, 1, 2023, N'Thứ Hai'),
('0775', 14, 02, 1, 2023, N'Thứ Ba'),
('0776', 15, 02, 1, 2023, N'Thứ Tư'),
('0777', 16, 02, 1, 2023, N'Thứ Năm'),
('0778', 17, 02, 1, 2023, N'Thứ Sáu'),
('0779', 18, 02, 1, 2023, N'Thứ Bảy'),
('0780', 19, 02, 1, 2023, N'Chủ Nhật'),
('0781', 20, 02, 1, 2023, N'Thứ Hai'),
('0782', 21, 02, 1, 2023, N'Thứ Ba'),
('0783', 22, 02, 1, 2023, N'Thứ Tư'),
('0784', 23, 02, 1, 2023, N'Thứ Năm'),
('0785', 24, 02, 1, 2023, N'Thứ Sáu'),
('0786', 25, 02, 1, 2023, N'Thứ Bảy'),
('0787', 26, 02, 1, 2023, N'Chủ Nhật'),
('0788', 27, 02, 1, 2023, N'Thứ Hai'),
('0789', 28, 02, 1, 2023, N'Thứ Ba'),
('0790', 01, 03, 1, 2023, N'Thứ Tư'),
('0791', 02, 03, 1, 2023, N'Thứ Năm'),
('0792', 03, 03, 1, 2023, N'Thứ Sáu'),
('0793', 04, 03, 1, 2023, N'Thứ Bảy'),
('0794', 05, 03, 1, 2023, N'Chủ Nhật'),
('0795', 06, 03, 1, 2023, N'Thứ Hai'),
('0796', 07, 03, 1, 2023, N'Thứ Ba'),
('0797', 08, 03, 1, 2023, N'Thứ Tư'),
('0798', 09, 03, 1, 2023, N'Thứ Năm'),
('0799', 10, 03, 1, 2023, N'Thứ Sáu'),
('0800', 11, 03, 1, 2023, N'Thứ Bảy'),
('0801', 12, 03, 1, 2023, N'Chủ Nhật'),
('0802', 13, 03, 1, 2023, N'Thứ Hai'),
('0803', 14, 03, 1, 2023, N'Thứ Ba'),
('0804', 15, 03, 1, 2023, N'Thứ Tư'),
('0805', 16, 03, 1, 2023, N'Thứ Năm'),
('0806', 17, 03, 1, 2023, N'Thứ Sáu'),
('0807', 18, 03, 1, 2023, N'Thứ Bảy'),
('0808', 19, 03, 1, 2023, N'Chủ Nhật'),
('0809', 20, 03, 1, 2023, N'Thứ Hai'),
('0810', 21, 03, 1, 2023, N'Thứ Ba'),
('0811', 22, 03, 1, 2023, N'Thứ Tư'),
('0812', 23, 03, 1, 2023, N'Thứ Năm'),
('0813', 24, 03, 1, 2023, N'Thứ Sáu'),
('0814', 25, 03, 1, 2023, N'Thứ Bảy'),
('0815', 26, 03, 1, 2023, N'Chủ Nhật'),
('0816', 27, 03, 1, 2023, N'Thứ Hai'),
('0817', 28, 03, 1, 2023, N'Thứ Ba'),
('0818', 29, 03, 1, 2023, N'Thứ Tư'),
('0819', 30, 03, 1, 2023, N'Thứ Năm'),
('0820', 31, 03, 1, 2023, N'Thứ Sáu'),
('0821', 01, 04, 2, 2023, N'Thứ Bảy'),
('0822', 02, 04, 2, 2023, N'Chủ Nhật'),
('0823', 03, 04, 2, 2023, N'Thứ Hai'),
('0824', 04, 04, 2, 2023, N'Thứ Ba'),
('0825', 05, 04, 2, 2023, N'Thứ Tư'),
('0826', 06, 04, 2, 2023, N'Thứ Năm'),
('0827', 07, 04, 2, 2023, N'Thứ Sáu'),
('0828', 08, 04, 2, 2023, N'Thứ Bảy'),
('0829', 09, 04, 2, 2023, N'Chủ Nhật'),
('0830', 10, 04, 2, 2023, N'Thứ Hai'),
('0831', 11, 04, 2, 2023, N'Thứ Ba'),
('0832', 12, 04, 2, 2023, N'Thứ Tư'),
('0833', 13, 04, 2, 2023, N'Thứ Năm'),
('0834', 14, 04, 2, 2023, N'Thứ Sáu'),
('0835', 15, 04, 2, 2023, N'Thứ Bảy'),
('0836', 16, 04, 2, 2023, N'Chủ Nhật'),
('0837', 17, 04, 2, 2023, N'Thứ Hai'),
('0838', 18, 04, 2, 2023, N'Thứ Ba'),
('0839', 19, 04, 2, 2023, N'Thứ Tư'),
('0840', 20, 04, 2, 2023, N'Thứ Năm'),
('0841', 21, 04, 2, 2023, N'Thứ Sáu'),
('0842', 22, 04, 2, 2023, N'Thứ Bảy'),
('0843', 23, 04, 2, 2023, N'Chủ Nhật'),
('0844', 24, 04, 2, 2023, N'Thứ Hai'),
('0845', 25, 04, 2, 2023, N'Thứ Ba'),
('0846', 26, 04, 2, 2023, N'Thứ Tư'),
('0847', 27, 04, 2, 2023, N'Thứ Năm'),
('0848', 28, 04, 2, 2023, N'Thứ Sáu'),
('0849', 29, 04, 2, 2023, N'Thứ Bảy'),
('0850', 30, 04, 2, 2023, N'Chủ Nhật'),
('0851', 01, 05, 2, 2023, N'Thứ Hai'),
('0852', 02, 05, 2, 2023, N'Thứ Ba'),
('0853', 03, 05, 2, 2023, N'Thứ Tư'),
('0854', 04, 05, 2, 2023, N'Thứ Năm'),
('0855', 05, 05, 2, 2023, N'Thứ Sáu'),
('0856', 06, 05, 2, 2023, N'Thứ Bảy'),
('0857', 07, 05, 2, 2023, N'Chủ Nhật'),
('0858', 08, 05, 2, 2023, N'Thứ Hai'),
('0859', 09, 05, 2, 2023, N'Thứ Ba'),
('0860', 10, 05, 2, 2023, N'Thứ Tư'),
('0861', 11, 05, 2, 2023, N'Thứ Năm'),
('0862', 12, 05, 2, 2023, N'Thứ Sáu'),
('0863', 13, 05, 2, 2023, N'Thứ Bảy'),
('0864', 14, 05, 2, 2023, N'Chủ Nhật'),
('0865', 15, 05, 2, 2023, N'Thứ Hai'),
('0866', 16, 05, 2, 2023, N'Thứ Ba'),
('0867', 17, 05, 2, 2023, N'Thứ Tư'),
('0868', 18, 05, 2, 2023, N'Thứ Năm'),
('0869', 19, 05, 2, 2023, N'Thứ Sáu'),
('0870', 20, 05, 2, 2023, N'Thứ Bảy'),
('0871', 21, 05, 2, 2023, N'Chủ Nhật'),
('0872', 22, 05, 2, 2023, N'Thứ Hai'),
('0873', 23, 05, 2, 2023, N'Thứ Ba'),
('0874', 24, 05, 2, 2023, N'Thứ Tư'),
('0875', 25, 05, 2, 2023, N'Thứ Năm'),
('0876', 26, 05, 2, 2023, N'Thứ Sáu'),
('0877', 27, 05, 2, 2023, N'Thứ Bảy'),
('0878', 28, 05, 2, 2023, N'Chủ Nhật'),
('0879', 29, 05, 2, 2023, N'Thứ Hai'),
('0880', 30, 05, 2, 2023, N'Thứ Ba'),
('0881', 31, 05, 2, 2023, N'Thứ Tư'),
('0882', 01, 06, 2, 2023, N'Thứ Năm'),
('0883', 02, 06, 2, 2023, N'Thứ Sáu'),
('0884', 03, 06, 2, 2023, N'Thứ Bảy'),
('0885', 04, 06, 2, 2023, N'Chủ Nhật'),
('0886', 05, 06, 2, 2023, N'Thứ Hai'),
('0887', 06, 06, 2, 2023, N'Thứ Ba'),
('0888', 07, 06, 2, 2023, N'Thứ Tư'),
('0889', 08, 06, 2, 2023, N'Thứ Năm'),
('0890', 09, 06, 2, 2023, N'Thứ Sáu'),
('0891', 10, 06, 2, 2023, N'Thứ Bảy'),
('0892', 11, 06, 2, 2023, N'Chủ Nhật'),
('0893', 12, 06, 2, 2023, N'Thứ Hai'),
('0894', 13, 06, 2, 2023, N'Thứ Ba'),
('0895', 14, 06, 2, 2023, N'Thứ Tư'),
('0896', 15, 06, 2, 2023, N'Thứ Năm'),
('0897', 16, 06, 2, 2023, N'Thứ Sáu'),
('0898', 17, 06, 2, 2023, N'Thứ Bảy'),
('0899', 18, 06, 2, 2023, N'Chủ Nhật'),
('0900', 19, 06, 2, 2023, N'Thứ Hai'),
('0901', 20, 06, 2, 2023, N'Thứ Ba'),
('0902', 21, 06, 2, 2023, N'Thứ Tư'),
('0903', 22, 06, 2, 2023, N'Thứ Năm'),
('0904', 23, 06, 2, 2023, N'Thứ Sáu'),
('0905', 24, 06, 2, 2023, N'Thứ Bảy'),
('0906', 25, 06, 2, 2023, N'Chủ Nhật'),
('0907', 26, 06, 2, 2023, N'Thứ Hai'),
('0908', 27, 06, 2, 2023, N'Thứ Ba'),
('0909', 28, 06, 2, 2023, N'Thứ Tư'),
('0910', 29, 06, 2, 2023, N'Thứ Năm'),
('0911', 30, 06, 2, 2023, N'Thứ Sáu'),
('0912', 01, 07, 3, 2023, N'Thứ Bảy'),
('0913', 02, 07, 3, 2023, N'Chủ Nhật'),
('0914', 03, 07, 3, 2023, N'Thứ Hai'),
('0915', 04, 07, 3, 2023, N'Thứ Ba'),
('0916', 05, 07, 3, 2023, N'Thứ Tư'),
('0917', 06, 07, 3, 2023, N'Thứ Năm'),
('0918', 07, 07, 3, 2023, N'Thứ Sáu'),
('0919', 08, 07, 3, 2023, N'Thứ Bảy'),
('0920', 09, 07, 3, 2023, N'Chủ Nhật'),
('0921', 10, 07, 3, 2023, N'Thứ Hai'),
('0922', 11, 07, 3, 2023, N'Thứ Ba'),
('0923', 12, 07, 3, 2023, N'Thứ Tư'),
('0924', 13, 07, 3, 2023, N'Thứ Năm'),
('0925', 14, 07, 3, 2023, N'Thứ Sáu'),
('0926', 15, 07, 3, 2023, N'Thứ Bảy'),
('0927', 16, 07, 3, 2023, N'Chủ Nhật'),
('0928', 17, 07, 3, 2023, N'Thứ Hai'),
('0929', 18, 07, 3, 2023, N'Thứ Ba'),
('0930', 19, 07, 3, 2023, N'Thứ Tư'),
('0931', 20, 07, 3, 2023, N'Thứ Năm'),
('0932', 21, 07, 3, 2023, N'Thứ Sáu'),
('0933', 22, 07, 3, 2023, N'Thứ Bảy'),
('0934', 23, 07, 3, 2023, N'Chủ Nhật'),
('0935', 24, 07, 3, 2023, N'Thứ Hai'),
('0936', 25, 07, 3, 2023, N'Thứ Ba'),
('0937', 26, 07, 3, 2023, N'Thứ Tư'),
('0938', 27, 07, 3, 2023, N'Thứ Năm'),
('0939', 28, 07, 3, 2023, N'Thứ Sáu'),
('0940', 29, 07, 3, 2023, N'Thứ Bảy'),
('0941', 30, 07, 3, 2023, N'Chủ Nhật'),
('0942', 31, 07, 3, 2023, N'Thứ Hai'),
('0943', 01, 08, 3, 2023, N'Thứ Ba'),
('0944', 02, 08, 3, 2023, N'Thứ Tư'),
('0945', 03, 08, 3, 2023, N'Thứ Năm'),
('0946', 04, 08, 3, 2023, N'Thứ Sáu'),
('0947', 05, 08, 3, 2023, N'Thứ Bảy'),
('0948', 06, 08, 3, 2023, N'Chủ Nhật'),
('0949', 07, 08, 3, 2023, N'Thứ Hai'),
('0950', 08, 8, 3, 2023, N'Thứ Ba'),
('0951', 09, 08, 3, 2023, N'Thứ Tư'),
('0952', 10, 08, 3, 2023, N'Thứ Năm'),
('0953', 11, 08, 3, 2023, N'Thứ Sáu'),
('0954', 12, 08, 3, 2023, N'Thứ Bảy'),
('0955', 13, 08, 3, 2023, N'Chủ Nhật'),
('0956', 14, 08, 3, 2023, N'Thứ Hai'),
('0957', 15, 08, 3, 2023, N'Thứ Ba'),
('0958', 16, 08, 3, 2023, N'Thứ Tư'),
('0959', 17, 08, 3, 2023, N'Thứ Năm'),
('0960', 18, 08, 3, 2023, N'Thứ Sáu'),
('0961', 19, 08, 3, 2023, N'Thứ Bảy'),
('0962', 20, 08, 3, 2023, N'Chủ Nhật'),
('0963', 21, 08, 3, 2023, N'Thứ Hai'),
('0964', 22, 08, 3, 2023, N'Thứ Ba'),
('0965', 23, 08, 3, 2023, N'Thứ Tư'),
('0966', 24, 08, 3, 2023, N'Thứ Năm'),
('0967', 25, 08, 3, 2023, N'Thứ Sáu'),
('0968', 26, 08, 3, 2023, N'Thứ Bảy'),
('0969', 27, 08, 3, 2023, N'Chủ Nhật'),
('0970', 28, 08, 3, 2023, N'Thứ Hai'),
('0971', 29, 08, 3, 2023, N'Thứ Ba'),
('0972', 30, 08, 3, 2023, N'Thứ Tư'),
('0973', 31, 08, 3, 2023, N'Thứ Năm'),
('0974', 01, 09, 3, 2023, N'Thứ Sáu'),
('0975', 02, 09, 3, 2023, N'Thứ Bảy'),
('0976', 03, 09, 3, 2023, N'Chủ Nhật'),
('0977', 04, 09, 3, 2023, N'Thứ Hai'),
('0978', 05, 09, 3, 2023, N'Thứ Ba'),
('0979', 06, 09, 3, 2023, N'Thứ Tư'),
('0980', 07, 09, 3, 2023, N'Thứ Năm'),
('0981', 08, 09, 3, 2023, N'Thứ Sáu'),
('0982', 09, 9, 3, 2023, N'Thứ Bảy'),
('0983', 10, 09, 3, 2023, N'Chủ Nhật'),
('0984', 11, 09, 3, 2023, N'Thứ Hai'),
('0985', 12, 09, 3, 2023, N'Thứ Ba'),
('0986', 13, 09, 3, 2023, N'Thứ Tư'),
('0987', 14, 09, 3, 2023, N'Thứ Năm'),
('0988', 15, 09, 3, 2023, N'Thứ Sáu'),
('0989', 16, 09, 3, 2023, N'Thứ Bảy'),
('0990', 17, 09, 3, 2023, N'Chủ Nhật'),
('0991', 18, 09, 3, 2023, N'Thứ Hai'),
('0992', 19, 09, 3, 2023, N'Thứ Ba'),
('0993', 20, 09, 3, 2023, N'Thứ Tư'),
('0994', 21, 09, 3, 2023, N'Thứ Năm'),
('0995', 22, 09, 3, 2023, N'Thứ Sáu'),
('0996', 23, 09, 3, 2023, N'Thứ Bảy'),
('0997', 24, 09, 3, 2023, N'Chủ Nhật'),
('0998', 25, 09, 3, 2023, N'Thứ Hai'),
('0999', 26, 09, 3, 2023, N'Thứ Ba'),
('1000', 27, 09, 3, 2023, N'Thứ Tư');

INSERT INTO Dim_Ngay (MaNgay, Ngay, Thang, Quy, Nam, NgayTrongTuan) VALUES
('1001', 28, 09, 3, 2023, N'Thứ Năm'),
('1002', 29, 09, 3, 2023, N'Thứ Sáu'),
('1003', 30, 09, 3, 2023, N'Thứ Bảy'),
('1004', 01, 10, 4, 2023, N'Chủ Nhật'),
('1005', 02, 10, 4, 2023, N'Thứ Hai'),
('1006', 03, 10, 4, 2023, N'Thứ Ba'),
('1007', 04, 10, 4, 2023, N'Thứ Tư'),
('1008', 05, 10, 4, 2023, N'Thứ Năm'),
('1009', 06, 10, 4, 2023, N'Thứ Sáu'),
('1010', 07, 10, 4, 2023, N'Thứ Bảy'),
('1011', 08, 10, 4, 2023, N'Chủ Nhật'),
('1012', 09, 10, 4, 2023, N'Thứ Hai'),
('1013', 10, 10, 4, 2023, N'Thứ Ba'),
('1014', 11, 10, 4, 2023, N'Thứ Tư'),
('1015', 12, 10, 4, 2023, N'Thứ Năm'),
('1016', 13, 10, 4, 2023, N'Thứ Sáu'),
('1017', 14, 10, 4, 2023, N'Thứ Bảy'),
('1018', 15, 10, 4, 2023, N'Chủ Nhật'),
('1019', 16, 10, 4, 2023, N'Thứ Hai'),
('1020', 17, 10, 4, 2023, N'Thứ Ba'),
('1021', 18, 10, 4, 2023, N'Thứ Tư'),
('1022', 19, 10, 4, 2023, N'Thứ Năm'),
('1023', 20, 10, 4, 2023, N'Thứ Sáu'),
('1024', 21, 10, 4, 2023, N'Thứ Bảy'),
('1025', 22, 10, 4, 2023, N'Chủ Nhật'),
('1026', 23, 10, 4, 2023, N'Thứ Hai'),
('1027', 24, 10, 4, 2023, N'Thứ Ba'),
('1028', 25, 10, 4, 2023, N'Thứ Tư'),
('1029', 26, 10, 4, 2023, N'Thứ Năm'),
('1030', 27, 10, 4, 2023, N'Thứ Sáu'),
('1031', 28, 10, 4, 2023, N'Thứ Bảy'),
('1032', 29, 10, 4, 2023, N'Chủ Nhật'),
('1033', 30, 10, 4, 2023, N'Thứ Hai'),
('1034', 31, 10, 4, 2023, N'Thứ Ba'),
('1035', 01, 11, 4, 2023, N'Thứ Tư'),
('1036', 02, 11, 4, 2023, N'Thứ Năm'),
('1037', 03, 11, 4, 2023, N'Thứ Sáu'),
('1038', 04, 11, 4, 2023, N'Thứ Bảy'),
('1039', 05, 11, 4, 2023, N'Chủ Nhật'),
('1040', 06, 11, 4, 2023, N'Thứ Hai'),
('1041', 07, 11, 4, 2023, N'Thứ Ba'),
('1042', 08, 11, 4, 2023, N'Thứ Tư'),
('1043', 09, 11, 4, 2023, N'Thứ Năm'),
('1044', 10, 11, 4, 2023, N'Thứ Sáu'),
('1045', 11, 11, 4, 2023, N'Thứ Bảy'),
('1046', 12, 11, 4, 2023, N'Chủ Nhật'),
('1047', 13, 11, 4, 2023, N'Thứ Hai'),
('1048', 14, 11, 4, 2023, N'Thứ Ba'),
('1049', 15, 11, 4, 2023, N'Thứ Tư'),
('1050', 16, 11, 4, 2023, N'Thứ Năm'),
('1051', 17, 11, 4, 2023, N'Thứ Sáu'),
('1052', 18, 11, 4, 2023, N'Thứ Bảy'),
('1053', 19, 11, 4, 2023, N'Chủ Nhật'),
('1054', 20, 11, 4, 2023, N'Thứ Hai'),
('1055', 21, 11, 4, 2023, N'Thứ Ba'),
('1056', 22, 11, 4, 2023, N'Thứ Tư'),
('1057', 23, 11, 4, 2023, N'Thứ Năm'),
('1058', 24, 11, 4, 2023, N'Thứ Sáu'),
('1059', 25, 11, 4, 2023, N'Thứ Bảy'),
('1060', 26, 11, 4, 2023, N'Chủ Nhật'),
('1061', 27, 11, 4, 2023, N'Thứ Hai'),
('1062', 28, 11, 4, 2023, N'Thứ Ba'),
('1063', 29, 11, 4, 2023, N'Thứ Tư'),
('1064', 30, 11, 4, 2023, N'Thứ Năm'),
('1065', 01, 12, 4, 2023, N'Thứ Sáu'),
('1066', 02, 12, 4, 2023, N'Thứ Bảy'),
('1067', 03, 12, 4, 2023, N'Chủ Nhật'),
('1068', 04, 12, 4, 2023, N'Thứ Hai'),
('1069', 05, 12, 4, 2023, N'Thứ Ba'),
('1070', 06, 12, 4, 2023, N'Thứ Tư'),
('1071', 07, 12, 4, 2023, N'Thứ Năm'),
('1072', 08, 12, 4, 2023, N'Thứ Sáu'),
('1073', 09, 12, 4, 2023, N'Thứ Bảy'),
('1074', 10, 12, 4, 2023, N'Chủ Nhật'),
('1075', 11, 12, 4, 2023, N'Thứ Hai'),
('1076', 12, 12, 4, 2023, N'Thứ Ba'),
('1077', 13, 12, 4, 2023, N'Thứ Tư'),
('1078', 14, 12, 4, 2023, N'Thứ Năm'),
('1079', 15, 12, 4, 2023, N'Thứ Sáu'),
('1080', 16, 12, 4, 2023, N'Thứ Bảy'),
('1081', 17, 12, 4, 2023, N'Chủ Nhật'),
('1082', 18, 12, 4, 2023, N'Thứ Hai'),
('1083', 19, 12, 4, 2023, N'Thứ Ba'),
('1084', 20, 12, 4, 2023, N'Thứ Tư'),
('1085', 21, 12, 4, 2023, N'Thứ Năm'),
('1086', 22, 12, 4, 2023, N'Thứ Sáu'),
('1087', 23, 12, 4, 2023, N'Thứ Bảy'),
('1088', 24, 12, 4, 2023, N'Chủ Nhật'),
('1089', 25, 12, 4, 2023, N'Thứ Hai'),
('1090', 26, 12, 4, 2023, N'Thứ Ba'),
('1091', 27, 12, 4, 2023, N'Thứ Tư'),
('1092', 28, 12, 4, 2023, N'Thứ Năm'),
('1093', 29, 12, 4, 2023, N'Thứ Sáu'),
('1094', 30, 12, 4, 2023, N'Thứ Bảy'),
('1095', 31, 12, 4, 2023, N'Chủ Nhật');




INSERT INTO Dim_CuaHang (MaCuaHang, TenThanhPho, TenQuanHuyen, TenCuaHang, DiaChi)
VALUES
('HCM01', N'Hồ Chí Minh', N'Quận 1', N'Guardian Nguyễn Thị Minh Khai', N'18C Đường Nguyễn Thị Minh Khai, Phường Đa Kao, Quận 1, Thành phố Hồ Chí Minh'),
('HCM02', N'Hồ Chí Minh', N'Quận Tân Phú', N'Guardian Nguyễn Sơn', N'301A Đường Nguyễn Sơn, Phường Phú Thạnh, Quận Tân Phú, Thành phố Hồ Chí Minh'),
('HCM03', N'Hồ Chí Minh', N'Quận 3', N'Guardian CMT8', N'224-226-240/1A Đường CMT8, Phường 10, Quận 3, Thành phố Hồ Chí Minh'),
('HCM04', N'Hồ Chí Minh', N'Quận Tân Bình', N'Guardian Nguyễn Hồng Đào', N'192 Đường Nguyễn Hồng Đào, Phường 14, Quận Tân Bình, Thành phố Hồ Chí Minh'),
('HCM05', N'Hồ Chí Minh', N'Quận Bình Thạnh', N'Guardian Nguyễn Gia Trí', N'15 Nguyễn Gia Trí, Phường 25, Quận Bình Thạnh, Thành phố Hồ Chí Minh'),
('HCM06', N'Hồ Chí Minh', N'Quận Bình Thạnh', N'Guardian XVNT', N'246E Đường Xô Viết Nghệ Tĩnh, Phường 21, Quận Bình Thạnh, Thành phố Hồ Chí Minh'),
('HCM07', N'Hồ Chí Minh', N'Quận 6', N'Guardian Hậu Giang', N'198 Đường Hậu Giang, Phường 06, Quận 6, Thành phố Hồ Chí Minh'),
('HCM08', N'Hồ Chí Minh', N'Quận 6', N'Guardian Hậu Giang', N'198 Đường Hậu Giang, Phường 06, Quận 6, Thành phố Hồ Chí Minh'),
('HCM09', N'Hồ Chí Minh', N'Quận 4', N'Guardian Khánh Hội', N'256-258-260 Đường Khánh Hội, Phường 06, Quận 4, Thành phố Hồ Chí Minh'),
('HAN01', N'Hà Nội', N'Quận Cầu Giấy', N'Guardian Trung Hòa', N'15-12A Khu Trung Yên, Phường Trung Hoà, Quận Cầu Giấy, Thành phố Hà Nội'),
('HCM10', N'Hồ Chí Minh', N'Huyện Bình Chánh', N'Guardian Trung Sơn', N'33-35-37 Đường 9A, Trung Sơn, Xã Bình Hưng, Huyện Bình Chánh, Thành phố Hồ Chí Minh'),
('VT01', N'Bà Rịa - Vũng Tàu', N'Thành phố Vũng Tàu', N'Guardian Ba Cu', N'251 Đường Ba Cu, Phường 4, Thành phố Vũng Tàu, Tỉnh Bà Rịa - Vũng Tàu'),
('HAN02', N'Hà Nội', N'Quận Đống Đa', N'Guardian Khâm Thiên', N'205 Phố Khâm Thiên, Phường Thổ Quan, Quận Đống Đa, Thành phố Hà Nội'),
('DN01', N'Đồng Nai', N'Biên Hòa', N'Guardian Phạm Văn Thuận', N'Số 1485-1487, đường Phạm Văn Thuận, Phường Tam Hiệp, Thành phố Biên Hòa, Tỉnh Đồng Nai'),
('HAN03', N'Hà Nội', N'Quận Hai Bà Trưng', N'Guardian Trần Đại Nghĩa', N'137 Đường Trần Đại Nghĩa, Phường Bách Khoa, Quận Hai Bà Trưng, Thành phố Hà Nội'),
('VT02', N'Bà Rịa - Vũng Tàu', N'Vũng Tàu', N'Guardian Lê Hồng Phong - Vũng Tàu - abcdef', N'392-394 Đường Lê Hồng Phong, Phường Thắng Tam, Thành phố Vũng Tàu, Tỉnh Bà Rịa - Vũng Tàu'),
('HAN04', N'Hà Nội', N'Quận Thanh Xuân', N'Guardian Nguyễn Huy Tưởng', N'Số 1 Đường Nguyễn Huy Tưởng, Phường Thanh Xuân Trung, Quận Thanh Xuân, Thành phố Hà Nội'),
('HAN06', N'Hà Nội', N'Quận Hai Bà Trưng', N'Guardian Times City', N'B1, Vincom Mega Mall Times City, 458 Minh Khai, Vĩnh Tuy, Hai Bà Trưng, Thành phố Hà Nội'),
('DAN01', N'Đà Nẵng', N'Quận Hải Châu', N'Guardian Hoàng Diệu', N'308 Đường Hoàng Diệu, Phường Bình Hiên, Quận Hải Châu, Thành phố Đà Nẵng'),
('BDI01', N'Bình Dương', N'Thị xã Thuận An', N'Guardian Lái Thiêu', N'51 Đông Tư, Phường Lái Thiêu, Thị xã Thuận An, Tỉnh Bình Dương'),
--('VTU02', N'Bà Rịa - Vũng Tàu', N'Thành phố Vũng Tàu', N'Guardian Lotte Vũng Tàu', N' Mart Vũng Tàu, đường 3 tháng 2 và  Thi Sách, Phường 8, Vũng Tàu, Tỉnh Bà Rịa - Vũng Tàu'),
('BDI02', N'Bình Dương', N'Thị xã Dĩ An', N'Guardian GO! Dĩ An', N'Go! Dĩ An, quốc lộ 1K, Phường Đông Hòa, Thị xã Dĩ An, Tỉnh Bình Dương'),
('DNI03', N'Đồng Nai', N'Thành phố Biên Hòa', N'Guardian CMT8 Biên Hòa', N'284 CMT8, Phường Quang Vinh, Thành phố Biên Hòa, Tỉnh Đồng Nai'),
('TGI01', N'Tiền Giang', N'Thành phố Mỹ Tho', N'Guardian GO! Mỹ Tho', N'545 Lê Văn Phẩm, Phường 5, Thành phố Mỹ Tho, Tỉnh Tiền Giang'),
('DNI04', N'Đồng Nai', N'Thành phố Biên Hòa', N'Guardian Phạm Văn Thuận 2', N'196/20-196/20A Đường Phạm Văn Thuận, Phường Thống Nhất, Thành phố Biên Hòa, Tỉnh Đồng Nai');


---Nhanvien 
INSERT INTO Dim_NhanVien (MaNhanVien, MaCuaHang, TenNhanVien, ChucVu, SDT, GioiTinh) VALUES
   ('NV001', 'BDI01', N'Nguyễn Văn Hùng', N'Quản lý', '0901234567', N'Nam'),
('NV002', 'BDI01', N'Trần Thanh Tú', N'Quản lý', '0902345678', N'Nữ'),
('NV003', 'BDI01', N'Lê Văn Chí', N'Quản lý', '0903456789', N'Nam'),
('NV004', 'BDI01', N'Phạm Thị Duyên', N'Nhân viên bán hàng', '0904567891', N'Nữ'),
('NV005', 'BDI02', N'Hồ Văn Thuận', N'Quản lý', '0905678912', N'Nam'),
('NV006', 'BDI02', N'Nguyễn Thị Ngọc', N'Nhân viên bán hàng', '0906789123', N'Nữ'),
('NV007', 'BDI02', N'Trần Văn Giàu', N'Nhân viên bán hàng', '0907891234', N'Nam'),
('NV008', 'BDI02', N'Lê Thị Hạnh', N'Nhân viên bán hàng', '0908912345', N'Nữ'),
 ('NV009', 'DAN01', N'Hoàng Văn Đức', N'Nhân viên bán hàng', '0909123456', N'Nam'),
('NV010', 'DAN01', N'Phan Thị Khánh', N'Nhân viên bán hàng', '0909876543', N'Nữ'),
('NV011', 'DAN01', N'Đặng Văn Lợi', N'Nhân viên bán hàng', '0908765432', N'Nam'),
('NV012', 'DAN01', N'Lê Thị Minh', N'Nhân viên bán hàng', '0907654321', N'Nữ'),
('NV013', 'DN01', N'Nguyễn Văn Nam', N'Quản lý', '0906543210', N'Nam'),
('NV014', 'DN01', N'Phạm Thị Phượng', N'Quản lý', '0905432109', N'Nữ'),
('NV015', 'DNI03', N'Trần Văn Qúy', N'Nhân viên bán hàng', '0904321098', N'Nam'),
('NV016', 'DNI03', N'Lê Thị Thắm', N'Nhân viên bán hàng', '0903210987', N'Nữ'),
('NV017', 'DNI03', N'Hoàng Văn Sang', N'Nhân viên bán hàng', '0902109876', N'Nam'),
('NV018', 'DNI03', N'Phan Thị Thư', N'Nhân viên bán hàng', '0901098765', N'Nữ'),
('NV019', 'DNI03', N'Nguyễn Văn Phước', N'Nhân viên bán hàng', '0900987654', N'Nam'),
('NV020', 'DNI03', N'Vũ Thị Vy', N'Nhân viên bán hàng', '0909876543', N'Nữ'),
('NV021', 'DNI04', N'Đinh Minh Huy', N'Nhân viên bán hàng', '0908765432', N'Nam'),
('NV022', 'DNI04', N'Tran Thị Ý', N'Nhân viên bán hàng', '0907654321', N'Nữ'),
('NV023', 'DNI04', N'Lê Văn Trí', N'Nhân viên bán hàng', '0906543210', N'Nam'),
('NV024', 'DNI04', N'Nguyễn Thị Chi', N'Nhân viên bán hàng', '0905432109', N'Nữ'),
('NV025', 'HAN01', N'Trần Văn Duy', N'Nhân viên bán hàng', '0904321098', N'Nam'),
('NV026', 'HAN01', N'Phạm Thu Ngân', N'Nhân viên bán hàng', '0903210987', N'Nữ'),
('NV027', 'HAN02', N'Lê Văn Phúc', N'Nhân viên bán hàng', '0902109876', N'Nam'),
('NV028', 'HAN02', N'Nguyễn Thị Giàu', N'Nhân viên bán hàng', '0901098765', N'Nữ'),
('NV029', 'HAN02', N'Tran Văn Hiếu', N'Quản lý', '0900987654', N'Nam'),
('NV030', 'HAN02', N'Hoàng Thị Hân', N'Nhân viên bán hàng', '0909876543', N'Nữ'),
('NV031', 'HAN02', N'Lê Thị Kim', N'Nhân viên bán hàng', '0908765432', N'Nam'),
('NV032', 'HAN02', N'Vũ Văn Linh', N'Nhân viên bán hàng', '0907654321', N'Nữ'),
('NV033', 'HAN03', N'Đinh Văn Mạnh', N'Nhân viên bán hàng', '0906543210', N'Nam'),
('NV034', 'HAN03', N'Tran Thị Nhi', N'Nhân viên bán hàng', '0905432109', N'Nữ'),
('NV035', 'HAN03', N'Lê Thị Phụng', N'Nhân viên bán hàng', '0904321098', N'Nam'),
('NV036', 'HAN03', N'Nguyễn Văn Quỳnh', N'Nhân viên bán hàng', '0903210987', N'Nữ'),
('NV037', 'HAN04', N'Trần Ngọc Hưng', N'Nhân viên bán hàng', '0902109876', N'Nam'),
('NV038', 'HAN04', N'Hoàng Ngọc Yến', N'Nhân viên bán hàng', '0901098765', N'Nữ'),
('NV039', 'HAN04', N'Phan Thanh Liêm', N'Nhân viên bán hàng', '0900987654', N'Nam'),
('NV040', 'HAN04', N'Lê Thị Nhã', N'Nhân viên bán hàng', '0909876543', N'Nữ'),
('NV041', 'HAN06', N'Nguyễn Văn Vỹ', N'Nhân viên bán hàng', '0908765432', N'Nam'),
('NV042', 'HAN06', N'Trần Thị Xuyến', N'Nhân viên bán hàng', '0907654321', N'Nữ'),
('NV043', 'HAN06', N'Lê Văn Đạt', N'Nhân viên bán hàng', '0906543210', N'Nam'),
('NV044', 'HAN06', N'Nguyễn Thị Phương', N'Quản lý', '0905432109', N'Nữ'),
('NV045', 'HCM01', N'Phạm Văn Sang', N'Nhân viên bán hàng', '0904321098', N'Nam'),
('NV046', 'HCM01', N'Trần Thị Xinh', N'Nhân viên bán hàng', '0903210987', N'Nữ'),
('NV047', 'HCM01', N'Lê Văn Cường', N'Nhân viên bán hàng', '0902109876', N'Nam'),
('NV048', 'HCM01', N'Nguyễn Thị Duyên', N'Nhân viên bán hàng', '0901098765', N'Nữ'),
('NV049', 'HCM02', N'Hoàng Văn Hùng', N'Nhân viên bán hàng', '0900987654', N'Nam'),
('NV050', 'HCM02', N'Trần Thị Linh', N'Nhân viên bán hàng', '0909876543', N'Nữ'),
('NV051', 'HCM02', N'Phan Văn Hùng', N'Nhân viên bán hàng', '0908765432', N'Nam'),
('NV052', 'HCM02', N'Lê Thị Hồng', N'Nhân viên bán hàng', '0907654321', N'Nữ'),
('NV053', 'HCM03', N'Nguyễn Văn Tú', N'Nhân viên bán hàng', '0906543210', N'Nam'),
('NV054', 'HCM03', N'Trần Thị Khánh', N'Nhân viên bán hàng', '0905432109', N'Nữ'),
('NV055', 'HCM03', N'Lê Văn Thịnh', N'Quản lý', '0904321098', N'Nam'),
('NV056', 'HCM03', N'Phạm Thị Mẫn', N'Nhân viên bán hàng', '0903210987', N'Nữ'),
('NV057', 'HCM04', N'Nguyễn Văn Tùng', N'Nhân viên bán hàng', '0902109876', N'Nam'),
('NV058', 'HCM04', N'Trần Thị Phương', N'Nhân viên bán hàng', '0901098765', N'Nữ'),
('NV059', 'HCM04', N'Lê Văn Quỳnh', N'Nhân viên bán hàng', '0900987654', N'Nam'),
('NV060', 'HCM04', N'Hoàng Thị Nhã', N'Nhân viên bán hàng', '0909876543', N'Nữ'),
('NV061', 'HCM05', N'Trần Văn Sỹ', N'Nhân viên bán hàng', '0908765432', N'Nam'),
('NV062', 'HCM05', N'Lê Thị Thu', N'Nhân viên bán hàng', '0907654321', N'Nữ'),
('NV063', 'HCM05', N'Nguyễn Văn Hậu', N'Nhân viên bán hàng', '0906543210', N'Nam'),
('NV064', 'HCM05', N'Trần Thị Vi', N'Nhân viên bán hàng', '0905432109', N'Nữ'),
('NV065', 'HCM06', N'Lê Thị Xuân', N'Nhân viên bán hàng', '0904321098', N'Nam'),
('NV066', 'HCM06', N'Nguyễn Văn Nhất', N'Nhân viên bán hàng', '0903210987', N'Nữ'),
('NV067', 'HCM06', N'Trần Thị Hà', N'Nhân viên bán hàng', '0902109876', N'Nam'),
('NV068', 'HCM06', N'Lê Văn Bảo', N'Quản lý', '0901098765', N'Nữ'),
('NV069', 'HCM07', N'Nguyễn Thị Anh', N'Nhân viên bán hàng', '0900987654', N'Nam'),
('NV070', 'HCM07', N'Trần Văn Minh', N'Nhân viên bán hàng', '0909876543', N'Nữ'),
('NV071', 'HCM07', N'Lê Thị Ngọc', N'Nhân viên bán hàng', '0908765432', N'Nam'),
('NV072', 'HCM07', N'Nguyễn Văn Thanh', N'Nhân viên bán hàng', '0907654321', N'Nữ'),
('NV073', 'HCM08', N'Trần Thị Nhàn', N'Nhân viên bán hàng', '0906543210', N'Nam'),
('NV074', 'HCM08', N'Lê Văn Thắng', N'Nhân viên bán hàng', '0905432109', N'Nữ'),
('NV075', 'HCM08', N'Nguyễn Thị Thảo', N'Nhân viên bán hàng', '0904321098', N'Nam'),
('NV076', 'HCM08', N'Trần Văn Việt', N'Nhân viên bán hàng', '0903210987', N'Nữ'),
('NV077', 'HCM09', N'Lê Thị Ngân', N'Nhân viên bán hàng', '0902109876', N'Nam'),
('NV078', 'HCM09', N'Nguyễn Văn Quốc', N'Nhân viên bán hàng', '0901098765', N'Nữ'),
('NV079', 'HCM09', N'Trần Thị Trang', N'Nhân viên bán hàng', '0900987654', N'Nam'),
('NV080', 'HCM09', N'Lê Văn Thái', N'Nhân viên bán hàng', '0909876543', N'Nữ'),
('NV081', 'HCM09', N'Hoàng Thị Trinh', N'Nhân viên bán hàng', '0908765432', N'Nam'),
('NV082', 'HCM10', N'Trần Văn Quang', N'Nhân viên bán hàng', '0907654321', N'Nữ'),
('NV083', 'HCM10', N'Lê Thị Tú', N'Nhân viên bán hàng', '0906543210', N'Nam'),
('NV084', 'HCM10', N'Nguyễn Văn Đăng', N'Nhân viên bán hàng', '0905432109', N'Nữ'),
('NV085', 'HCM10', N'Trần Thị Thành', N'Nhân viên bán hàng', '0904321098', N'Nam'),
('NV086', 'HCM10', N'Lê Văn Thành', N'Nhân viên bán hàng', '0903210987', N'Nữ'),
('NV087', 'TGI01', N'Nguyễn Thị Vy', N'Nhân viên bán hàng', '0902109876', N'Nam'),
('NV088', 'VT01', N'Trần Văn Vũ', N'Nhân viên bán hàng', '0901098765', N'Nữ'),
('NV089', 'HCM10', N'Lê Thị Trúc', N'Nhân viên bán hàng', '0900987654', N'Nam'),
('NV090', 'VT02', N'Nguyễn Văn Trung', N'Nhân viên bán hàng', '0909876543', N'Nữ'),
('NV091', 'TGI01', N'Trần Thị Mai', N'Nhân viên bán hàng', '0908765432', N'Nam'),
('NV092', 'VT01', N'Lê Văn Trực', N'Nhân viên bán hàng', '0907654321', N'Nữ'),
('NV093', 'VT01', N'Nguyễn Thị Hoa', N'Nhân viên bán hàng', '0906543210', N'Nam'),
('NV094', 'VT01', N'Trần Văn Giỏi', N'Nhân viên bán hàng', '0905432109', N'Nữ'),
('NV095', 'VT01', N'Lê Thị Băng', N'Nhân viên bán hàng', '0904321098', N'Nam'),
('NV096', 'VT01', N'Nguyễn Văn Dũng', N'Nhân viên bán hàng', '0903210987', N'Nữ'),
('NV097', 'VT02', N'Trần Thị Vân', N'Nhân viên bán hàng', '0902109876', N'Nam'),
('NV098', 'VT02', N'Lê Văn Tài', N'Nhân viên bán hàng', '0901098765', N'Nữ'),
('NV099', 'VT02', N'Nguyễn Thị Nhã', N'Nhân viên bán hàng', '0900987654', N'Nam'),
('NV100', 'VT02', N'Trần Văn Khanh', N'Nhân viên bán hàng', '0909876543', N'Nữ');





--Bảng Dim_NhaCungCap
INSERT INTO Dim_NhaCungCap (MaNhaCungCap, TenNhaCungCap, Email, SoDienThoai)
VALUES 
('CC01', N'L‘Oréal', 'lorealvietnam@loreal.com', '1800545463'),
('CC02', N'Procter & Gamble', 'mediateam.im@pg.com', '8003327787'),
('CC03', N'Unilever', 'tuvankhachhang@unilever.com', '2854135686'),
('CC04', N'Estée Lauder Companies', 'customerservice.vn@esteelauder.com', '8483833242'),
('CC05', N'Beiersdorf AG', 'kundenservicecenter@beiersdorf.com', '4904049090'),
('CC06', N'Johnson & Johnson', 'ra-jnjvnhc-jjvnramdd@its.jnj.com', '0283914810'),
('CC07', N'NARS', 'nars@nars.com', '0456789123'),
('CC08', N'Laura Mercier', 'lauramercier@lauramercier.com', '0789123456'),
('CC09', N'Benefit Cosmetics', 'benefit@benefit.com', '0678912345'),
('CC10', N'Urban Decay', 'urbandecay@urbandecay.com', '0321987654'),
('CC11', N'White Snow Cosmetics', 'tuyettrang_cosmetics@yahoo.com', '0987654321'),
('CC12', N'Anastasia Beverly Hills', 'abh@abh.com', '0456789123'),
('CC13', N'Huda Beauty', 'hudabeauty@hudabeauty.com', '0765432190'),
('CC14', N'Natural beauty', 'deptunhien@gmail.com', '0321987654'),
('CC15', N'Fenty Beauty', 'fenty@fenty.com', '0678912345'),
('CC16',N'ColourPop', 'colourpop@colourpop.com', '0789123456'),
('CC17', N'Beauty With You', 'lamdep_cungban@gmail.com', '0345678912'),
('CC18',N'Tarte Cosmetics', 'tarte@tarte.com', '0456789123'),
('CC19',N'Kylie Cosmetics', 'kylie@kylie.com', '0567891234'),
('CC20',N'Jeffree Star Cosmetics', 'jeffreestar@jeffreestar.com', '0234567891');



--Bảng Dim_DanhMuc (Sửa lại mô tả 100 thì chạy oke)
INSERT INTO Dim_DanhMuc (MaDanhMuc, TenDanhMuc, MoTa) VALUES
('DM01', N'Chăm sóc da mặt', N'Chăm sóc và bảo vệ làn da mặt'),
('DM02', N'Chăm sóc cơ thể', N'Chăm sóc toàn diện cho cơ thể'),
('DM03', N'Chăm sóc sức khoẻ', N'Sản phẩm chăm sóc sức khỏe từ trong ra ngoài, tăng cường hệ miễn dịch'),
('DM04', N'Chăm sóc cá nhân', N'Vệ sinh và chăm sóc cá nhân, giữ gìn vẻ ngoài tươi tắn mỗi ngày'),
('DM05', N'Chăm sóc tóc', N'Sản phẩm chăm sóc tóc chất lượng, mang lại mái tóc mềm mượt, bóng khỏe'),
('DM06', N'Trang điểm', N'Sản phẩm trang điểm giúp thăng hạng nhan sắc');

INSERT INTO Dim_LoaiSanPham (MaLoai, MaDanhMuc, TenLoai, MoTa) VALUES
--Chăm sóc da mặt
('LSP01', 'DM01', N'Tẩy trang', N'Loại bỏ makeup, bụi bẩn'),
('LSP02', 'DM01', N'Sữa rửa mặt', N'Làm sạch sâu, thông thoáng lỗ chân lông'),
('LSP03', 'DM01', N'Tẩy tế bào chết da mặt', N'Loại bỏ tế bào chết, tái tạo da'),
('LSP04', 'DM01', N'Toner', N'Cân bằng độ pH, se khít lỗ chân lông'),
('LSP05', 'DM01', N'Serum', N'Dưỡng chất tập trung, đặc trị'),
('LSP06','DM01',N'Kem chống nắng', N'Bảo vệ làn da khỏi tác hại của tia UV'),
--Chăm sóc cơ thể 
('LSP07', 'DM02', N'Sữa tắm', N'Sản phẩm dùng để làm sạch cơ thể và mang lại cảm giác sảng khoái sau khi tắm.'),
('LSP08', 'DM02', N'Tẩy tế bào chết cơ thể', N'Sản phẩm giúp loại bỏ tế bào da chết và làm sạch da cơ thể, giúp da trở nên mềm mại và mịn màng.'),
('LSP09', 'DM02', N'Sữa dưỡng thể', N'Sản phẩm giúp cung cấp độ ẩm, trắng cho da, giúp da mềm mại và căng tràn sức sống.'),
--Chăm sóc sức khỏe (Bắt đầu từ SP571 -> SP720)
('LSP10', 'DM03', N'TPCN nhóm vitamin & khoáng chất', N'Sản phẩm hỗ trợ cung cấp vitamin và khoáng chất cần thiết cho cơ thể.'),
('LSP11', 'DM03', N'Hỗ trợ làm đẹp da', N'Sản phẩm chứa các thành phần dưỡng chất giúp làm đẹp da và cải thiện tình trạng da.'),
('LSP12', 'DM03', N'Hỗ trợ chống lão hóa', N'Sản phẩm chứa các chất chống oxy hóa giúp ngăn chặn quá trình lão hóa của da.'),
('LSP13', 'DM03', N'Hỗ trợ giấc ngủ', N'Sản phẩm chứa các thành phần tự nhiên giúp thư giãn và cải thiện chất lượng giấc ngủ.'),
--Chăm sóc cá nhân (Bắt đầu từ SP721 -> SP830)
('LSP14', 'DM04', N'Kem đánh răng', N'Sản phẩm dùng để làm sạch răng và bảo vệ răng miệng.'),
('LSP15', 'DM04', N'Nước hoa ', N'Sản phẩm nước hoa giúp lưu giữ hương thơm.'),
('LSP16', 'DM04', N'Nước súc miêng', N'Sản phẩm dùng để làm sạch và tạo hương thơm cho răng miệng'),
--Chăm sóc tóc (Bắt đầu tử SP831 -> SP930)
('LSP17', 'DM05', N'Dầu gội', N'Sản phẩm dùng để làm sạch và dưỡng tóc, giúp tóc sạch và mềm mại'),
('LSP18', 'DM05', N'Dầu xả', N'Sản phẩm giúp làm mềm và dưỡng ẩm cho tóc sau khi gội, giúp tóc trở nên mềm mại và dễ chải.'),
('LSP19', 'DM05', N'Dưỡng tóc', N'Sản phẩm giúp bảo vệ và nuôi dưỡng tóc, giúp tóc trở nên khỏe mạnh và bóng mượt.'),
--Trang điểm (Bắt đầu từ SP931)
('LSP20', 'DM06', N'Kem nền - BB cream', N'BB cream là một loại kem nền đa năng, kết hợp cả tính năng dưỡng da và trang điểm.'),
('LSP21', 'DM06', N'Phấn nước - Cushion', N'Phấn nước - Cushion là loại phấn nước được đựng trong hộp compact với miếng mút đặc biệt.'),
('LSP22', 'DM06', N'Phấn nền - Phấn phủ', N'Đây là sản phẩm dùng để hoàn thiện lớp trang điểm, giúp kiểm soát dầu và giữ cho lớp trang điểm không bị bóng nhờn.'),
('LSP23', 'DM06', N'Son', N'Đây là sản phẩm dùng để tạo màu sắc cho đôi môi, giúp làm nổi bật và làm đẹp cho khuôn mặt.'),
('LSP24', 'DM06', N'Kẻ mắt', N'Đây là sản phẩm dùng để kẻ viền mắt, giúp làm nổi bật và tạo điểm nhấn cho đôi mắt.'),
('LSP25', 'DM06', N'Chì kẻ mày', N'Đây là sản phẩm dùng để tạo hình và làm đậm viền mày.');
INSERT INTO Dim_SanPham (MaSanPham, MaLoai, MaNhaCungCap, TenSanPham, ThuongHieu, QuocGia, DoiTuongPhuHop, GiaBan) VALUES
--Chăm sóc da mặt 
('SP001', 'LSP01', 'CC01', N'Tẩy Trang Micellar Cleansing Water', N'Garnier', N'Pháp', N'Mọi loại da', 220000),
('SP002', 'LSP01', 'CC02', N'Dầu Tẩy Trang Deep Clean', N'Shiseido', N'Nhật Bản', N'Da dầu', 450000),
('SP003', 'LSP01', 'CC03', N'Balm Tẩy Trang Clean It Zero', N'Banila Co', N'Hàn Quốc', N'Mọi loại da', 375000),
('SP004', 'LSP01', 'CC04', N'Gel Tẩy Trang Pureté Thermale', N'Vichy', N'Pháp', N'Da nhạy cảm', 320000),
('SP005', 'LSP01', 'CC05', N'Milk Tẩy Trang Softening Cleansing Milk', N'Lancôme', N'Pháp', N'Da khô', 500000),
('SP006', 'LSP01', 'CC06', N'Nước Tẩy Trang Bioderma Sensibio H2O', N'Bioderma', N'Pháp', N'Da nhạy cảm', 200000),
('SP007', 'LSP01', 'CC07', N'Tẩy Trang Mắt Lip & Eye Remover', N'Innisfree', N'Hàn Quốc', N'Mọi loại da', 150000),
('SP008', 'LSP01', 'CC08', N'Tẩy Trang Dạng Khăn Neutrogena Makeup Remover', N'Neutrogena', N'Mỹ', N'Mọi loại da', 180000),
('SP009', 'LSP01', 'CC09', N'Tẩy Trang Dịu Nhẹ Cucumber Cleansing Water', N'The Face Shop', N'Hàn Quốc', N'Da dầu', 160000),
('SP010', 'LSP01', 'CC10', N'Tẩy Trang Dầu Olive Real Cleansing Oil', N'SK-II', N'Nhật Bản', N'Da khô', 650000),
('SP011', 'LSP01', 'CC11', N'Nước Tẩy Trang Calendula Herbal Extract Toner', N'Kiehl’s', N'Mỹ', N'Da nhạy cảm', 400000),
('SP012', 'LSP01', 'CC12', N'Tẩy Trang Cho Mắt và Môi Gentle Makeup Remover', N'Clinique', N'Mỹ', N'Da nhạy cảm', 250000),
('SP013', 'LSP01', 'CC13', N'Tẩy Trang Dầu Argan Cleansing Oil', N'Moroccanoil', N'Israel', N'Da khô', 550000),
('SP014', 'LSP01', 'CC14', N'Tẩy Trang Micellar Lotion Cleanser and Makeup Remover', N'Avene', N'Pháp', N'Mọi loại da', 300000),
('SP015', 'LSP01', 'CC15', N'Tẩy Trang Dầu Rice Water Bright', N'The Face Shop', N'Hàn Quốc', N'Da dầu', 190000),
('SP016', 'LSP01', 'CC16', N'Gel Tẩy Trang Hydrating Cleanser', N'CeraVe', N'Mỹ', N'Da khô', 250000),
('SP017', 'LSP01', 'CC17', N'Tẩy Trang Dầu Camellia Cleansing Oil', N'Tatcha', N'Mỹ', N'Da khô', 700000),
('SP018', 'LSP01', 'CC18', N'Tẩy Trang Dạng Balm Take The Day Off', N'Clinique', N'Mỹ', N'Mọi loại da', 500000),
('SP019', 'LSP01', 'CC19', N'Nước Tẩy Trang Green Tea Cleansing Water', N'Innisfree', N'Hàn Quốc', N'Da dầu', 175000),
('SP020', 'LSP01', 'CC20', N'Tẩy Trang Dầu Squalane Cleanser', N'The Ordinary', N'Canada', N'Mọi loại da', 300000),

('SP021', 'LSP02', 'CC11', N'Gel Rửa Mặt Dịu Nhẹ', N'Cetaphil', N'Mỹ', N'Mọi loại da', 200000),
('SP022', 'LSP02', 'CC12', N'Sữa Rửa Mặt Tạo Bọt', N'La Roche-Posay', N'Pháp', N'Da nhạy cảm', 300000),
('SP023', 'LSP02', 'CC13', N'Foam Cleansing Green Tea', N'Innisfree', N'Hàn Quốc', N'Da dầu', 180000),
('SP024', 'LSP02', 'CC14', N'Sữa Rửa Mặt Salicylic Acid', N'Cosrx', N'Hàn Quốc', N'Da mụn', 220000),
('SP025', 'LSP02', 'CC15', N'Gel Rửa Mặt Pure Calmille', N'Yves Rocher', N'Pháp', N'Mọi loại da', 150000),
('SP026', 'LSP02', 'CC16', N'Gel Rửa Mặt Hydrating Cleanser', N'CeraVe', N'Mỹ', N'Da khô', 250000),
('SP027', 'LSP02', 'CC17', N'Sữa Rửa Mặt Mineral Mud', N'Vichy', N'Pháp', N'Da dầu', 320000),
('SP028', 'LSP02', 'CC18', N'Sữa Rửa Mặt Rice Water Bright', N'The Face Shop', N'Hàn Quốc', N'Mọi loại da', 190000),
('SP029', 'LSP02', 'CC19', N'Sữa Rửa Mặt Deep Clean', N'Neutrogena', N'Mỹ', N'Da dầu', 210000),
('SP030', 'LSP02', 'CC20', N'Sữa Rửa Mặt Amino Acid', N'Kiehl’s', N'Mỹ', N'Da khô', 280000),
('SP031', 'LSP02', 'CC01', N'Gel Rửa Mặt Matcha Detoxifying', N'Milk Makeup', N'Mỹ', N'Da hỗn hợp', 350000),
('SP032', 'LSP02', 'CC02', N'Sữa Rửa Mặt Gentle Foaming', N'Clarins', N'Pháp', N'Da khô', 370000),
('SP033', 'LSP02', 'CC03', N'Sữa Rửa Mặt Exfoliating Scrub', N'Clinique', N'Mỹ', N'Da hỗn hợp', 290000),
('SP034', 'LSP02', 'CC04', N'Foam Cleansing Volcanic Pore', N'Innisfree', N'Hàn Quốc', N'Da dầu', 175000),
('SP035', 'LSP02', 'CC05', N'Sữa Rửa Mặt Foam Hyaluronic Acid', N'Hada Labo', N'Nhật Bản', N'Da khô', 230000),

('SP036', 'LSP03', 'CC01', N'Scrub Tẩy Tế Bào Chết Dừa', N'St. Ives', N'Mỹ', N'Mọi loại da', 150000),
('SP037', 'LSP03', 'CC02', N'Gel Tẩy Tế Bào Chết Papaya', N'Kiehl’s', N'Mỹ', N'Da khô', 320000),
('SP038', 'LSP03', 'CC03', N'Peeling Gel Làm Sáng Da', N'Secret Key', N'Hàn Quốc', N'Da mụn', 200000),
('SP039', 'LSP03', 'CC04', N'Mặt Nạ Tẩy Tế Bào Chết AHA 30% + BHA 2%', N'The Ordinary', N'Canada', N'Da dầu', 290000),
('SP040', 'LSP03', 'CC09', N'Micro-Exfoliating Scrub', N'La Roche-Posay', N'Pháp', N'Mọi loại da', 230000),
('SP041', 'LSP03', 'CC10', N'Exfoliating Peel Gel', N'Boscia', N'Nhật Bản', N'Da hỗn hợp', 300000),


('SP042', 'LSP04', 'CC01', N'Toner Cân Bằng Dịu Nhẹ', N'Cetaphil', N'Mỹ', N'Mọi loại da', 250000),
('SP043', 'LSP04', 'CC02', N'Toner Hoa Cúc Calming', N'Kiehl’s', N'Mỹ', N'Da nhạy cảm', 350000),
('SP044', 'LSP04', 'CC03', N'Toner Trà Xanh Balancing', N'Innisfree', N'Hàn Quốc', N'Da dầu', 190000),
('SP045', 'LSP04', 'CC04', N'Toner BHA Exfoliating', N'Cosrx', N'Hàn Quốc', N'Da mụn', 280000),
('SP046', 'LSP04', 'CC05', N'Toner Hydrating Rose Water', N'Heritage Store', N'Mỹ', N'Da khô', 200000),
('SP047', 'LSP04', 'CC06', N'Toner Lactic Acid Brightening', N'The Ordinary', N'Canada', N'Da nhạy cảm', 300000),
('SP048', 'LSP04', 'CC07', N'Toner Witch Hazel Pore Perfecting', N'Thayers', N'Mỹ', N'Da dầu', 220000),
('SP049', 'LSP04', 'CC08', N'Toner Clarifying Lotus', N'Fresh', N'Mỹ', N'Da hỗn hợp', 380000),
('SP050', 'LSP04', 'CC09', N'Toner Moisture Balancing', N'Paula’s Choice', N'Mỹ', N'Da khô', 320000),
('SP051', 'LSP04', 'CC10', N'Toner Centella Water Alcohol-Free', N'Cosrx', N'Hàn Quốc', N'Da nhạy cảm', 270000),
('SP052', 'LSP04', 'CC11', N'Toner Aloe Vera Hydrating', N'Nature Republic', N'Hàn Quốc', N'Mọi loại da', 180000),
('SP053', 'LSP04', 'CC12', N'Toner Galactomyces Alcohol-Free', N'Some By Mi', N'Hàn Quốc', N'Da khô', 250000),
('SP054', 'LSP04', 'CC13', N'Toner Glycolic Acid 7% Toning Solution', N'The Ordinary', N'Canada', N'Da mụn', 290000),
('SP055', 'LSP04', 'CC14', N'Toner Rice Water Bright', N'The Face Shop', N'Hàn Quốc', N'Da khô', 210000),
('SP056', 'LSP04', 'CC15', N'Toner Vitamin E Hydrating', N'The Body Shop', N'Anh', N'Da khô', 230000),


('SP057', 'LSP05', 'CC01', N'Serum Vitamin C Brightening', N'Skinceuticals', N'Mỹ', N'Mọi loại da', 1500000),
('SP058', 'LSP05', 'CC02', N'Serum Hyaluronic Acid Hydrating', N'The Ordinary', N'Canada', N'Da khô', 350000),
('SP059', 'LSP05', 'CC03', N'Serum Niacinamide 10% + Zinc 1%', N'The Ordinary', N'Canada', N'Da dầu', 390000),
('SP060', 'LSP05', 'CC04', N'Serum Peptide Complex', N'Drunk Elephant', N'Mỹ', N'Da lão hóa', 1900000),
('SP061', 'LSP05', 'CC05', N'Serum B5 Hydrating', N'La Roche-Posay', N'Pháp', N'Da nhạy cảm', 700000),
('SP062', 'LSP05', 'CC06', N'Serum Retinol 0.3% Night', N'Murad', N'Mỹ', N'Da lão hóa', 1200000),
('SP063', 'LSP05', 'CC07', N'Serum Tea Tree Oil Clearing', N'The Body Shop', N'Anh', N'Da mụn', 550000),
('SP064', 'LSP05', 'CC08', N'Serum Ferulic Acid Radiance', N'Skinceuticals', N'Mỹ', N'Mọi loại da', 1600000),
('SP065', 'LSP05', 'CC09', N'Serum Centella Asiatica Calming', N'Purito', N'Hàn Quốc', N'Da nhạy cảm', 450000),
('SP066', 'LSP05', 'CC10', N'Serum Collagen Boosting', N'Innisfree', N'Hàn Quốc', N'Da lão hóa', 650000),
('SP067', 'LSP05', 'CC11', N'Serum EGF Epidermal Growth Factor', N'Bioeffect', N'Íceland', N'Da lão hóa', 2500000),
('SP068', 'LSP05', 'CC12', N'Serum Snail Mucin Repairing', N'COSRX', N'Hàn Quốc', N'Mọi loại da', 390000),
('SP069', 'LSP05', 'CC13', N'Serum Azelaic Acid Brightening', N'Paula’s Choice', N'Mỹ', N'Da mụn', 750000),
('SP070', 'LSP05', 'CC14', N'Serum Lactic Acid Exfoliating', N'Sunday Riley', N'Mỹ', N'Da khô', 1050000),
('SP071', 'LSP05', 'CC15', N'Serum Q10 Antioxidant', N'The Inkey List', N'Anh', N'Da lão hóa', 300000),
('SP072', 'LSP05', 'CC16', N'Serum Alpha Arbutin Brightening', N'The Ordinary', N'Canada', N'Da có vết thâm', 450000),

('SP073', 'LSP06', 'CC01', N'Kem Chống Nắng Anthelios XL', N'La Roche-Posay', N'Pháp', N'Mọi loại da', 550000),
('SP074', 'LSP06', 'CC02', N'Kem Chống Nắng UV Expert Aqua Gel', N'Lancôme', N'Pháp', N'Da dầu', 750000),
('SP075', 'LSP06', 'CC03', N'Kem Chống Nắng Clear Face', N'Neutrogena', N'Mỹ', N'Da mụn', 400000),
('SP076', 'LSP06', 'CC04', N'Kem Chống Nắng Perfect UV Sunscreen', N'Shiseido', N'Nhật Bản', N'Mọi loại da', 650000),
('SP077', 'LSP06', 'CC05', N'Kem Chống Nắng Water Resistant Sunscreen', N'Coppertone', N'Mỹ', N'Mọi loại da', 300000),
('SP078', 'LSP06', 'CC06', N'Kem Chống Nắng Super City Block', N'Clinique', N'Mỹ', N'Da nhạy cảm', 500000),
('SP079', 'LSP06', 'CC07', N'Kem Chống Nắng Physical Matte UV Defense', N'Skinceuticals', N'Mỹ', N'Da dầu', 850000),
('SP080', 'LSP06', 'CC08', N'Kem Chống Nắng Aloe Soothing Sun Cream', N'COSRX', N'Hàn Quốc', N'Mọi loại da', 350000),
('SP081', 'LSP06', 'CC09', N'Kem Chống Nắng UV Shield', N'EltaMD', N'Mỹ', N'Da dầu', 700000),
('SP082', 'LSP06', 'CC10', N'Kem Chống Nắng Sunplay Super Block', N'Sunplay', N'Nhật Bản', N'Mọi loại da', 250000),
--Chăm sóc cơ thể
('SP083', 'LSP07', 'CC01', N'Sữa tắm nước hoa dưỡng da Enchanteur Charming 650gr', N'Enchanteur', N'Pháp', N'Mọi loại da', 170000),
('SP084', 'LSP07', 'CC19', N'Sữa tắm dưỡng ẩm Dove Shea Butter With Warm Vanilla 1L', N'Dove', N'Anh', N'Mọi loại da', 200000),
('SP085', 'LSP07', 'CC04', N'Sữa tắm trắng da Nivea Body Extra White Firming Lotion 400ml', N'Nivea', N'Đức', N'Mọi loại da', 150000),
('SP086', 'LSP07', 'CC01', N'Sữa tắm trắng da Olay Total Effects 1000ml', N'Olay', N'Mỹ', N'Mọi loại da', 250000),
('SP087', 'LSP07', 'CC02', N'Sữa tắm dưỡng da Nivea Bath Care Lemongrass & Oil 750ml', N'Nivea', N'Đức', N'Mọi loại da', 180000),
('SP088', 'LSP07', 'CC19', N'Sữa tắm LUX', N'LUX', N'Việt Nam', N'Mọi loại da', 60000),
('SP089', 'LSP07', 'CC01', N'Sữa tắm X-Men', N'X-Men', N'Việt Nam', N'Mọi loại da', 70000),
('SP090', 'LSP07', 'CC01', N'Sữa tắm Lifebuoy', N'Lifebuoy', N'Việt Nam', N'Mọi loại da', 65000),
('SP091', 'LSP07', 'CC05', N'Sữa Tắm Dưỡng Thể Chăm Sóc Da Nhạy Cảm Dove 500Gr', N'Dove', N'Anh', N'Mọi loại da', 140000),
('SP092', 'LSP07', 'CC10', N'Sữa Tắm Chiết Xuất Muối Biển Làm Sạch Sâu St.Ives 473Ml', N'ST.IVES', N'Mỹ', N'Mọi loại da', 170000),
('SP093', 'LSP07', 'CC01', N'Sữa Tắm Yến Mạch & Bơ Hạt Mỡ Dưỡng Ẩm Da St. Ives 650Ml', N'ST.IVES', N'Mỹ', N'Mọi loại da', 190000),
('SP094', 'LSP07', 'CC02', N'Sữa Tắm Dâu & Bạc Hà Olay 650Ml', N'Olay', N'Mỹ', N'Mọi loại da', 190000),


('SP095', 'LSP08', 'CC19', N'Tẩy tế bào chết cơ thể AHA Nature', N'AHA Nature', N'Việt Nam', N'Mọi loại da', 90000),
('SP096', 'LSP08', 'CC01', N'Tẩy tế bào chết cơ thể The Body Shop', N'The Body Shop', N'Anh', N'Mọi loại da', 120000),
('SP097', 'LSP08', 'CC05', N'Tẩy tế bào chết cơ thể Innisfree Green Tea Pure Body Scrub', N'Innisfree', N'Hàn Quốc', N'Mọi loại da', 130000),
('SP098', 'LSP08', 'CC11', N'Tẩy tế bào chết cơ thể St. Ives Radiant Skin Pink Lemon & Mandarin Orange Scrub', N'St. Ives', N'Mỹ', N'Mọi loại da', 150000),
('SP099', 'LSP08', 'CC19', N'Tẩy tế bào chết cơ thể Hada Labo Mild Peeling Lotion', N'Hada Labo', N'Nhật Bản', N'Mọi loại da', 110000),
('SP100', 'LSP08', 'CC11', N'Tẩy tế bào chết cơ thể Neutrogena Body Clear Body Scrub', N'Neutrogena', N'Mỹ', N'Mọi loại da', 140000),
('SP101', 'LSP08', 'CC01', N'Muối tắm sữa bò Spa A Bonne tẩy tế bào chết Thái Lan', N'A Bonne', N'Thái Lan', N'Mọi loại da', 30000),
('SP102', 'LSP08', 'CC05', N'Tẩy tế bào chết cơ thể Caudalie Crushed Cabernet Scrub', N'Caudalie', N'Pháp', N'Mọi loại da', 180000),
('SP103', 'LSP08', 'CC03', N'Tẩy tế bào chết cơ thể Lush Ocean Salt Face And Body Scrub', N'Lush', N'Anh', N'Mọi loại da', 160000),
('SP104', 'LSP08', 'CC19', N'Tẩy Tế Bào Chết Cơ Thể Quế Hồi & Cà Phê EXCLUSIVE COSMETIC Gel Scrub Slimming 500g', N'Exclusive Cosmetics', N'Nga', N'Mọi loại da', 170000),

('SP105', 'LSP09', 'CC04', N'Sữa dưỡng thể Nivea ẩm mượt', N'Nivea', N'Đức', N'Mọi loại da', 85000),
('SP106', 'LSP09', 'CC02', N'Sữa dưỡng thể Vaseline Intensive Care', N'Vaseline', N'Anh', N'Mọi loại da', 90000),
('SP107', 'LSP09', 'CC19', N'Sữa dưỡng thể Neutrogena Norwegian Formula', N'Neutrogena', N'Mỹ', N'Mọi loại da', 95000),
('SP108', 'LSP09', 'CC17', N'Sữa dưỡng thể Dove Deep Care', N'Dove', N'Anh', N'Mọi loại da', 88000),
('SP109', 'LSP09', 'CC08', N'Sữa dưỡng thể Olay Quench', N'Olay', N'Mỹ', N'Mọi loại da', 87000),
('SP110', 'LSP09', 'CC02', N'Sữa dưỡng thể St. Ives Soothing Oatmeal & Shea Butter Body Lotion', N'St. Ives', N'Mỹ', N'Mọi loại da', 86000),
('SP111', 'LSP09', 'CC04', N'Sữa dưỡng thể Aveeno Daily Moisturizing Lotion', N'Aveeno', N'Mỹ', N'Mọi loại da', 87000),
('SP112', 'LSP09', 'CC09', N'Sữa dưỡng thể CeraVe Moisturizing Cream', N'CeraVe', N'Mỹ', N'Mọi loại da', 89000),
('SP113', 'LSP09', 'CC20', N'Sữa dưỡng thể Eucerin Advanced Repair Lotion', N'Eucerin', N'Đức', N'Mọi loại da', 92000),
('SP114', 'LSP09', 'CC19', N'Sữa dưỡng thể La Roche-Posay Lipikar Balm AP+ Moisturizer', N'La Roche-Posay', N'Pháp', N'Mọi loại da', 97000),
('SP115', 'LSP09', 'CC02', N'Sữa dưỡng thể Cetaphil Moisturizing Cream', N'Cetaphil', N'Mỹ', N'Mọi loại da', 93000),

--Chăm sóc sức khỏe (Bắt đầu từ SP571 -> SP720)

('SP116', 'LSP10', 'CC10', N'Multivitamin Men’s Daily', N'Centrum', N'Mỹ', N'Nam giới', 500000),
('SP117', 'LSP10', 'CC15', N'Women’s Multi 50+ Vitamin', N'One A Day', N'Mỹ', N'Phụ nữ trên 50', 550000),
('SP118', 'LSP10', 'CC03', N'Vitamin D3 5000 IU', N'Nature Made', N'Mỹ', N'Mọi đối tượng', 300000),
('SP119', 'LSP10', 'CC13', N'Calcium Magnesium Zinc', N'Spring Valley', N'Mỹ', N'Mọi đối tượng', 350000),
('SP120', 'LSP10', 'CC04', N'Iron 65 mg', N'Nature’s Bounty', N'Mỹ', N'Mọi đối tượng', 250000),
('SP121', 'LSP10', 'CC03', N'Omega-3 Fish Oil', N'Kirkland Signature', N'Mỹ', N'Mọi đối tượng', 450000),
('SP122', 'LSP10', 'CC06', N'Vitamin C 1000mg', N'Emergen-C', N'Mỹ', N'Mọi đối tượng', 400000),
('SP123', 'LSP10', 'CC08', N'B-Complex with Electrolytes', N'Vitality', N'Mỹ', N'Mọi đối tượng', 320000),
('SP124', 'LSP10', 'CC02', N'Magnesium 400 mg', N'MagOX', N'Mỹ', N'Mọi đối tượng', 280000),
('SP125', 'LSP10', 'CC07', N'Zinc 50 mg', N'Nature’s Bounty', N'Mỹ', N'Mọi đối tượng', 220000),
('SP126', 'LSP11', 'CC01', N'Collagen Peptides', N'Vital Proteins', N'Mỹ', N'Mọi đối tượng', 700000),
('SP127', 'LSP11', 'CC02', N'Hyaluronic Acid Supplements', N'Neocell', N'Mỹ', N'Mọi đối tượng', 650000),
('SP128', 'LSP11', 'CC03', N'Omega-3 Fish Oil', N'Nordic Naturals', N'Mỹ', N'Mọi đối tượng', 800000),
('SP129', 'LSP11', 'CC04', N'Biotin for Hair, Skin & Nails', N'Nature’s Bounty', N'Mỹ', N'Mọi đối tượng', 450000),
('SP130', 'LSP11', 'CC05', N'Vitamin E Oil', N'Sundown Naturals', N'Mỹ', N'Mọi đối tượng', 300000),
('SP131', 'LSP11', 'CC06', N'Vitamin C', N'Emergen-C', N'Mỹ', N'Mọi đối tượng', 350000),
('SP132', 'LSP11', 'CC07', N'Zinc Supplements', N'Now Foods', N'Mỹ', N'Mọi đối tượng', 250000),
('SP133', 'LSP11', 'CC08', N'Selenium', N'Spring Valley', N'Mỹ', N'Mọi đối tượng', 200000),
('SP134', 'LSP11', 'CC09', N'CoQ10', N'Qunol', N'Mỹ', N'Mọi đối tượng', 900000),
('SP135', 'LSP11', 'CC10', N'Curcumin', N'Doctor’s Best', N'Mỹ', N'Mọi đối tượng', 850000),
('SP136', 'LSP11', 'CC11', N'Astaxanthin', N'Nutrex Hawaii', N'Mỹ', N'Mọi đối tượng', 950000),
('SP137', 'LSP11', 'CC12', N'Green Tea Extract', N'Now Foods', N'Mỹ', N'Mọi đối tượng', 400000),

('SP138', 'LSP12', 'CC12', N'Viên Uống Collagen Peptides', N'Vital Proteins', N'Mỹ', N'Mọi đối tượng', 1200000),
('SP139', 'LSP12', 'CC18', N'Viên Uống Vitamin C Ester', N'Perricone MD', N'Mỹ', N'Mọi đối tượng', 1300000),
('SP140', 'LSP12', 'CC03', N'Viên Uống Coenzyme Q10 Ubiquinone', N'Qunol', N'Mỹ', N'Mọi đối tượng', 800000),
('SP141', 'LSP12', 'CC05', N'Viên Uống Phyto-Ceramides', N'PhytoDerm', N'Pháp', N'Mọi đối tượng', 950000),
('SP142', 'LSP12', 'CC11', N'Viên Uống Omega-3 Fish Oil', N'Nordic Naturals', N'Na Uy', N'Mọi đối tượng', 900000),
('SP143', 'LSP12', 'CC20', N'Viên Uống Green Tea Extract', N'Zenwise Health', N'Mỹ', N'Mọi đối tượng', 700000),
('SP144', 'LSP12', 'CC07', N'Viên Uống Hyaluronic Acid', N'Neocell', N'Mỹ', N'Mọi đối tượng', 650000),
('SP145', 'LSP12', 'CC02', N'Viên Uống Collagen Boosting Peptides', N'Dr. Brandt', N'Đức', N'Mọi đối tượng', 1100000),
('SP146', 'LSP12', 'CC14', N'Viên Uống Antioxidant Skin Recovery', N'Paula’s Choice', N'Mỹ', N'Mọi đối tượng', 1200000),
('SP147', 'LSP12', 'CC17', N'Viên Uống Glycolic Acid Skin Renewal', N'Alpha Skin Care', N'Mỹ', N'Mọi đối tượng', 850000),

('SP148', 'LSP13', 'CC01', N'Tranquil Sleep Formula', N'Natural Factors', N'Canada', N'Mọi đối tượng', 700000),
('SP149', 'LSP13', 'CC05', N'Melatonin 3mg', N'Now Foods', N'Mỹ', N'Mọi đối tượng', 250000),
('SP150', 'LSP13', 'CC02', N'L-Theanine Relaxation Support', N'Suntheanine', N'Nhật Bản', N'Mọi đối tượng', 550000),
('SP151', 'LSP13', 'CC06', N'Valerian Root Nighttime', N'Nature’s Way', N'Mỹ', N'Mọi đối tượng', 450000),
('SP152', 'LSP13', 'CC03', N'Chamomile Calm Mind', N'Traditional Medicinals', N'Mỹ', N'Mọi đối tượng', 300000),
('SP153', 'LSP13', 'CC07', N'Magnesium Glycinate Relaxation', N'Doctor’s Best', N'Mỹ', N'Mọi đối tượng', 400000),
('SP154', 'LSP13', 'CC04', N'Lavender Essential Oil', N'Doterra', N'Mỹ', N'Mọi đối tượng', 600000),
('SP155', 'LSP13', 'CC08', N'Sleep Support Gummies', N'Olly', N'Mỹ', N'Mọi đối tượng', 350000),
('SP156', 'LSP13', 'CC09', N'Passion Flower Sleep Aid', N'Gaia Herbs', N'Mỹ', N'Mọi đối tượng', 500000),
('SP157', 'LSP13', 'CC10', N'5-HTP Mood & Sleep', N'Natrol', N'Mỹ', N'Mọi đối tượng', 550000),

--Chăm sóc cá nhân (Bắt đầu từ SP721 -> SP830)
('SP158', 'LSP14', 'CC01', N'Kem đánh răng Crest 3D White', N'Crest', N'Mỹ', N'Không dùng cho trẻ dưới 4 tuổi', 85000),
('SP159', 'LSP14', 'CC02', N'Kem đánh răng Colgate Total', N'Colgate', N'Mỹ', N'Mọi đối tượng', 80000),
('SP160', 'LSP14', 'CC03', N'Kem đánh răng Sensodyne', N'Sensodyne', N'Anh', N'Mọi đối tượng', 90000),
('SP161', 'LSP14', 'CC04', N'Kem đánh răng Close-up', N'Close-up', N'Mỹ', N'Không dùng cho trẻ dưới 4 tuổi', 75000),
('SP162', 'LSP14', 'CC05', N'Kem đánh răng Pepsodent', N'Pepsodent', N'Mỹ', N'Không dùng cho trẻ dưới 4 tuổi', 70000),
('SP163', 'LSP14', 'CC06', N'Kem đánh răng Oral-B', N'Oral-B', N'Mỹ', N'Mọi đối tượng', 85000),
('SP164', 'LSP14', 'CC07', N'Kem đánh răng Aquafresh', N'Aquafresh', N'Anh', N'Mọi đối tượng', 75000),
('SP165', 'LSP14', 'CC08', N'Kem đánh răng Signal', N'Signal', N'Pháp', N'Mọi đối tượng', 70000),
('SP166', 'LSP14', 'CC09', N'Kem đánh răng White Care', N'White Care', N'Mỹ', N'Không dùng cho trẻ dưới 4 tuổi', 80000),
('SP167', 'LSP14', 'CC10', N'Kem đánh răng Aim', N'Aim', N'Mỹ', N'Không dùng cho trẻ nhỏ', 75000),

('SP168', 'LSP15', 'CC05', N'Nước hoa Versace Unisex', N'Versace', N'Nước hoa nhập khẩu', N'Unisex', 1670000),
('SP169', 'LSP15', 'CC06', N'Bodymist X-Men Nam hương tươi mát 50ml', N'X-Men', N'Việt Nam', N'Nam', 105000),
('SP170', 'LSP15', 'CC07', N'Nước hoa Nữ Gennie Little Gold Dress 50ml', N'Gennie', N'Singapore', N'Nữ', 170000),
('SP171', 'LSP15', 'CC08', N'Nước Hoa Hương Cỏ Thanh Khiết Bucolic Retreat Dynik', N'Dynik', N'Việt Nam', N'Nam', 305000),
('SP172', 'LSP15', 'CC09', N'Nước hoa Dior Nữ', N'Dior', N'Nước hoa nhập khẩu', N'Nữ', 1425000),
('SP173', 'LSP15', 'CC10', N'Nước Hoa Clear Mind Gatsby 60Ml', N'Gatsby', N'Nhật', N'Unisex', 50000),
('SP174', 'LSP15', 'CC11', N'Nước hoa Versace Pour Homme EDT 50ml', N'Versace', N'Ý', N'Nam', 1780000),
('SP175', 'LSP15', 'CC12', N'Bodymist Tom Ford Nữ', N'Tom Ford', N'Nước hoa nhập khẩu', N'Nữ', 2120000),
('SP176', 'LSP15', 'CC13', N'Nước hoa Calvin Klein Unisex', N'Calvin Klein', N'Nước hoa nhập khẩu', N'Unisex', 1510000),
('SP177', 'LSP15', 'CC14', N'Nước Hoa Nữ Allure Laura Anne 50Ml', N'LAURA ANNE', N'Việt Nam', N'Nữ', 150000),

('SP178', 'LSP16', 'CC11', N'Nước súc miệng Sensodyne Fresh', N'Sensodyne', N'Mỹ', N'Không dùng cho trẻ em dưới 12 tuổi', 1200000),
('SP179', 'LSP16', 'CC12', N'Nước súc miệng Listerine Cool Mint', N'Listerine', N'Mỹ', N'Không dùng cho trẻ em dưới 12 tuổi', 85000),
('SP180', 'LSP16', 'CC13', N'Nước súc miệng Crest Pro-Health', N'Crest', N'Mỹ', N'Không dùng cho trẻ em dưới 12 tuổi', 175000),
('SP181', 'LSP16', 'CC14', N'Nước súc miệng Colgate Total', N'Colgate', N'Mỹ', N'Không dùng cho trẻ em dưới 12 tuổi', 90000),
('SP182', 'LSP16', 'CC15', N'Nước súc miệng Oral-B Pro-Expert', N'Oral-B', N'Mỹ', N'Không dùng cho trẻ em dưới 12 tuổi', 82000),
('SP183', 'LSP16', 'CC16', N'Nước súc miệng Listerine Total Care', N'Listerine', N'Mỹ', N'Không dùng cho trẻ em dưới 12 tuổi', 88000),
('SP184', 'LSP16', 'CC17', N'Nước súc miệng Sensodyne ProNamel', N'Sensodyne', N'Mỹ', N'Không dùng cho trẻ em dưới 12 tuổi', 123000),
('SP185', 'LSP16', 'CC18', N'Nước súc miệng Crest 3D White', N'Crest', N'Mỹ', N'Không dùng cho trẻ em dưới 12 tuổi', 92000),
('SP186', 'LSP16', 'CC19', N'Nước súc miệng Colgate Optic White', N'Colgate', N'Mỹ', N'Không dùng cho trẻ em dưới 12 tuổi', 89000),
('SP187', 'LSP16', 'CC20', N'Nước súc miệng Oral-B Pro-Health Advanced', N'Oral-B', N'Mỹ', N'Không dùng cho trẻ em dưới 12 tuổi', 93000),

('SP188', 'LSP17', 'CC15', N'Dầu gội Gatsby Men', N'Gatsby', N'Nhật', N'Nam', 125000),
('SP189', 'LSP17', 'CC16', N'Dầu gội L‘Oréal Men Expert', N'L‘Oréal', N'Pháp', N'Nam', 240000),
('SP190', 'LSP17', 'CC17', N'Dầu gội Dove Men+Care', N'Dove', N'Mỹ', N'Nam', 130000),
('SP191', 'LSP17', 'CC18', N'Dầu gội Rexona Men', N'Rexona', N'Anh', N'Nam', 125000),
('SP192', 'LSP17', 'CC19', N'Dầu gội AXE', N'AXE', N'Mỹ', N'Nam', 225000),
('SP193', 'LSP17', 'CC20', N'Dầu gội Nivea Men', N'Nivea', N'Đức', N'Nam', 230000),
('SP194', 'LSP17', 'CC11', N'Dầu gội Clear Women Natural Fresh', N'Clear Women', N'Mỹ', N'Nữ', 125000),
('SP195', 'LSP17', 'CC12', N'Dầu gội Head & Shoulders Women', N'Head & Shoulders', N'Mỹ', N'Nữ', 130000),
('SP196', 'LSP17', 'CC13', N'Dầu gội Pantene Pro-V', N'Pantene', N'Mỹ', N'Nữ', 135000),
('SP197', 'LSP17', 'CC14', N'Dầu gội Dove Hair Fall Rescue', N'Dove', N'Mỹ', N'Nữ', 130000),
('SP198', 'LSP17', 'CC15', N'Dầu gội Rejoice', N'Rejoice', N'Indonesia', N'Nữ', 125000),
('SP199', 'LSP17', 'CC16', N'Dầu gội Sunsilk', N'Sunsilk', N'Mỹ', N'Nữ', 145000),
('SP200', 'LSP17', 'CC17', N'Dầu gội Herbal Essences', N'Herbal Essences', N'Mỹ', N'Nữ', 135000),
('SP201', 'LSP17', 'CC18', N'Dầu gội L‘Oréal Paris Elseve', N'L‘Oréal', N'Pháp', N'Nữ', 240000),
('SP202', 'LSP17', 'CC19', N'Dầu gội Garnier Fructis', N'Garnier', N'Pháp', N'Nữ', 320000),
('SP203', 'LSP17', 'CC19', N'Dầu gội Tresemmé Keratin Smooth', N'Tresemmé', N'Mỹ', N'Nữ', 350000),

('SP204', 'LSP18', 'CC15', N'Dầu xả L’Oréal Men Expert Barber Club', N'L’Oréal', N'Pháp', N'Nam', 140000),
('SP205', 'LSP18', 'CC16', N'Dầu xả Dove Men+Care Clean Comfort', N'Dove', N'Mỹ', N'Nam', 130000),
('SP206', 'LSP18', 'CC17', N'Dầu xả Rexona Men Deep Clean', N'Rexona', N'Anh', N'Nam', 125000),
('SP207', 'LSP18', 'CC18', N'Dầu xả AXE Black', N'AXE', N'Mỹ', N'Nam', 125000),
('SP208', 'LSP18', 'CC19', N'Dầu xả Nivea Men Deep', N'Nivea', N'Đức', N'Nam', 130000),
('SP209', 'LSP18', 'CC10', N'Dầu xả Old Spice', N'Old Spice', N'Mỹ', N'Nam', 125000),
('SP210', 'LSP18', 'CC11', N'Dầu xả Pantene Pro-V Repair & Protect', N'Pantene', N'Mỹ', N'Nữ', 135000),
('SP211', 'LSP18', 'CC12', N'Dầu xả Dove Nutri Serum', N'Dove', N'Mỹ', N'Nữ', 130000),
('SP212', 'LSP18', 'CC13', N'Dầu xả Rejoice Rich Soft Smooth', N'Rejoice', N'Indonesia', N'Nữ', 125000),
('SP213', 'LSP18', 'CC14', N'Dầu xả Sunsilk mềm mượt óng ả', N'Sunsilk', N'Mỹ', N'Nữ', 125000),
('SP214', 'LSP18', 'CC15', N'Dầu xả Herbal Essences bio:renew', N'Herbal Essences', N'Mỹ', N'Nữ', 335000),
('SP215', 'LSP18', 'CC16', N'Dầu xả L‘Oréal Paris Elseve Extraordinary Oil', N'L’Oréal', N'Pháp', N'Nữ', 140000),

('SP216', 'LSP19', 'CC11', N'Dầu dưỡng tóc Clear Men Cool Sport', N'Clear Men', N'Mỹ', N'Nam', 125000),
('SP217', 'LSP19', 'CC12', N'Dầu dưỡng tóc Head & Shoulders Men', N'Head & Shoulders', N'Mỹ', N'Nam', 130000),
('SP218', 'LSP19', 'CC13', N'Dầu dưỡng tóc Romano Classic', N'Romano', N'Việt Nam', N'Nam', 120000),
('SP219', 'LSP19', 'CC14', N'Dầu dưỡng tóc Gatsby Men', N'Gatsby', N'Nhật', N'Nam', 129000),
('SP220', 'LSP19', 'CC15', N'Dầu dưỡng tóc L’Oréal Men Expert Barber Club', N'L’Oréal', N'Pháp', N'Nam', 290000),
('SP221', 'LSP19', 'CC16', N'Dầu dưỡng tóc Dove Men+Care', N'Dove', N'Mỹ', N'Nam', 180000),
('SP222', 'LSP19', 'CC01', N'Dầu dưỡng tóc Clear Women Natural Fresh', N'Clear Women', N'Mỹ', N'Nữ', 105000),
('SP223', 'LSP19', 'CC01', N'Dầu dưỡng tóc Pantene Pro-V', N'Pantene', N'Mỹ', N'Nữ', 205000),
('SP224', 'LSP19', 'CC03', N'Dầu dưỡng tóc Dove Nutri Serum', N'Dove', N'Mỹ', N'Nữ', 180000),
('SP225', 'LSP19', 'CC05', N'Dầu dưỡng tóc Rejoice Rich Soft Smooth', N'Rejoice', N'Indonesia', N'Nữ', 170000),

--Trang điểm (Bắt đầu từ SP931)

('SP226', 'LSP20', 'CC07', N'BB Cream Intensive Age Defense', N'Clinique', N'Mỹ', N'Da mụn', 380000),
('SP227', 'LSP20', 'CC10', N'BB Cream Power Perfection', N'The Face Shop', N'Hàn Quốc', N'Da khô', 330000),
('SP228', 'LSP20', 'CC01', N'BB Cream Vitality 8 in 1', N'It Cosmetics', N'Mỹ', N'Da dầu', 410000),
('SP229', 'LSP20', 'CC18', N'BB Cream Triple Function', N'Skin Food', N'Hàn Quốc', N'Da nhạy cảm', 360000),
('SP230', 'LSP20', 'CC13', N'BB Cream Color Control', N'Banila Co', N'Hàn Quốc', N'Da mụn', 390000),
('SP231', 'LSP20', 'CC04', N'BB Cream Skin Renew Miracle', N'Garnier', N'Pháp', N'Da khô', 270000),
('SP232', 'LSP20', 'CC03', N'Kem Nền Superstay Full Coverage', N'Maybelline', N'Mỹ', N'Da nhạy cảm', 350000),
('SP233', 'LSP20', 'CC05', N'Kem Nền Studio Fix Fluid', N'MAC', N'Mỹ', N'Da mụn', 480000),
('SP234', 'LSP20', 'CC17', N'Kem Nền Born This Way', N'Too Faced', N'Mỹ', N'Da khô', 500000),
('SP235', 'LSP20', 'CC09', N'Kem Nền Double Wear', N'Estee Lauder', N'Mỹ', N'Da dầu', 550000),
('SP236', 'LSP20', 'CC06', N'Kem Nền Fit Me Dewy + Smooth', N'Maybelline', N'Mỹ', N'Da khô', 300000),
('SP237', 'LSP20', 'CC11', N'Kem Nền Luminous Silk', N'Giorgio Armani', N'Ý', N'Da nhạy cảm', 700000),

('SP238', 'LSP21', 'CC19', N'Cushion Cover Perfecting', N'YSL', N'Pháp', N'Da nhạy cảm', 1200000),
('SP239', 'LSP21', 'CC20', N'Cushion BB Power Perfection', N'The Face Shop', N'Hàn Quốc', N'Da khô', 600000),
('SP240', 'LSP21', 'CC19', N'Cushion Light Fit', N'Moonshot', N'Hàn Quốc', N'Da dầu', 650000),
('SP241', 'LSP21', 'CC18', N'Cushion Intensive Moisture', N'Klairs', N'Hàn Quốc', N'Da khô', 550000),
('SP242', 'LSP21', 'CC17', N'Cushion Velvet Finish', N'Clio', N'Hàn Quốc', N'Da nhạy cảm', 700000),
('SP243', 'LSP21', 'CC16', N'Cushion Clear Fit', N'Missha', N'Hàn Quốc', N'Da mụn', 500000),
('SP244', 'LSP21', 'CC15', N'Cushion Layering Cover', N'Laneige', N'Hàn Quốc', N'Da dầu', 680000),
('SP245', 'LSP21', 'CC14', N'Cushion Signature Essence', N'Missha', N'Hàn Quốc', N'Da khô', 620000),
('SP246', 'LSP21', 'CC13', N'Cushion Glow Cushion', N'Hera', N'Hàn Quốc', N'Da nhạy cảm', 760000),
('SP247', 'LSP21', 'CC12', N'Cushion Water Glow', N'Hera', N'Hàn Quốc', N'Da mụn', 830000),
('SP248', 'LSP21', 'CC11', N'Cushion All Day Perfect', N'Etude House', N'Hàn Quốc', N'Da dầu', 570000),
('SP249', 'LSP21', 'CC10', N'Cushion Miracle Finish', N'Sulwhasoo', N'Hàn Quốc', N'Da khô', 1250000),
('SP250', 'LSP21', 'CC10', N'Cushion Miracle Finish', N'Sulwhasoo', N'Hàn Quốc', N'Da khô', 1250000),
('SP251', 'LSP21', 'CC11', N'Cushion All Day Perfect', N'Etude House', N'Hàn Quốc', N'Da dầu', 570000),
('SP252', 'LSP21', 'CC12', N'Cushion Water Glow', N'Hera', N'Hàn Quốc', N'Da mụn', 830000),
('SP253', 'LSP21', 'CC13', N'Cushion Glow Cushion', N'Hera', N'Hàn Quốc', N'Da nhạy cảm', 760000),

('SP254', 'LSP22', 'CC01', N'Phấn phủ Invisible HD', N'Make Up For Ever', N'Pháp', N'Da nhạy cảm', 550000),
('SP255', 'LSP22', 'CC02', N'Phấn nền Stay Matte', N'Rimmel', N'Vương quốc Anh', N'Da dầu', 300000),
('SP256', 'LSP22', 'CC03', N'Phấn phủ Fit Me', N'Maybelline', N'Mỹ', N'Da mụn', 250000),
('SP257', 'LSP22', 'CC04', N'Phấn phủ Studio Fix', N'MAC', N'Mỹ', N'Da dầu', 650000),
('SP258', 'LSP22', 'CC05', N'Phấn nền Translucent Loose Setting', N'Laura Mercier', N'Mỹ', N'Da khô', 700000),
('SP259', 'LSP22', 'CC06', N'Phấn phủ No Sebum Mineral', N'Innisfree', N'Hàn Quốc', N'Da dầu', 200000),
('SP260', 'LSP22', 'CC07', N'Phấn nền Airspun Loose Face Powder', N'Coty', N'Mỹ', N'Da nhạy cảm', 150000),
('SP261', 'LSP22', 'CC08', N'Phấn phủ HD Finishing Powder', N'NYX', N'Mỹ', N'Da mụn', 350000),
('SP262', 'LSP22', 'CC09', N'Phấn nền Mineral Wear', N'Physicians Formula', N'Mỹ', N'Da nhạy cảm', 400000),
('SP263', 'LSP22', 'CC10', N'Phấn phủ Perfect Setting Powder', N'Cover FX', N'Canada', N'Da khô', 600000),
('SP264', 'LSP22', 'CC11', N'Phấn nền Lock-It Setting Powder', N'Kat Von D', N'Mỹ', N'Da dầu', 550000),
('SP265', 'LSP22', 'CC12', N'Phấn phủ Ultra HD Microfinishing', N'Make Up For Ever', N'Pháp', N'Da nhạy cảm', 580000),
('SP266', 'LSP22', 'CC13', N'Phấn nền Blot Powder', N'MAC', N'Mỹ', N'Da dầu', 500000),
('SP267', 'LSP22', 'CC14', N'Phấn phủ Banana Powder', N'Ben Nye', N'Mỹ', N'Da mụn', 450000),
('SP268', 'LSP22', 'CC15', N'Phấn nền Prime and Stay Finishing', N'e.l.f.', N'Mỹ', N'Da khô', 180000),

('SP269', 'LSP23', 'CC07', N'Son Màu Đỏ Gạch Urban', N'Huda Beauty', N'UAE', N'Da nâu', 620000),
('SP270', 'LSP23', 'CC02', N'Son Màu Hồng Pastel Soft', N'Tarte', N'Mỹ', N'Da trắng', 560000),
('SP271', 'LSP23', 'CC14', N'Son Màu Đỏ Tươi Bold', N'Bobbi Brown', N'Mỹ', N'Da trung bình', 650000),
('SP272', 'LSP23', 'CC16', N'Son Màu Tím Lavender Dream', N'Kat Von D', N'Mỹ', N'Da nâu', 590000),
('SP273', 'LSP23', 'CC01', N'Son Màu Nude Beige Classic', N'Burberry', N'Anh', N'Da trắng', 680000),
('SP274', 'LSP23', 'CC19', N'Son Màu Hồng Đào Peachy', N'Givenchy', N'Pháp', N'Da trung bình', 730000),
('SP275', 'LSP23', 'CC08', N'Son Màu Nâu Mocha Rich', N'Smashbox', N'Mỹ', N'Da nâu', 500000),
('SP276', 'LSP23', 'CC11', N'Son Màu Đỏ Rượu Wine', N'YSL', N'Pháp', N'Da trắng', 750000),
('SP277', 'LSP23', 'CC04', N'Son Lì Electric Pink', N'Maybelline', N'Mỹ', N'Da trung bình', 300000),
('SP278', 'LSP23', 'CC13', N'Son Bóng Coral Shine', N'Chanel', N'Pháp', N'Da nâu', 800000),

('SP279', 'LSP24', 'CC01', N'Kẻ Mắt Khô Nhanh', N'NYX', N'Mỹ', N'Mắt mí lót', 290000),
('SP280', 'LSP24', 'CC02', N'Kẻ Mắt Đa Năng', N'Elf', N'Mỹ', N'Mắt 1 mí', 250000),
('SP281', 'LSP24', 'CC03', N'Kẻ Mắt Màu Xanh Lục', N'ColourPop', N'Mỹ', N'Mắt 2 mí', 310000),
('SP282', 'LSP24', 'CC04', N'Kẻ Mắt Màu Hồng', N'Morphe', N'Mỹ', N'Mắt mí lót', 280000),
('SP283', 'LSP24', 'CC05', N'Kẻ Mắt Màu Xanh Dương', N'Milani', N'Mỹ', N'Mắt 1 mí', 270000),
('SP284', 'LSP24', 'CC06', N'Kẻ Mắt Chống Nước Màu Đen', N'Kiko Milano', N'Ý', N'Mắt 2 mí', 350000),
('SP285', 'LSP24', 'CC07', N'Kẻ Mắt Ultra Fine', N'Revlon', N'Mỹ', N'Mắt mí lót', 260000),
('SP286', 'LSP24', 'CC08', N'Kẻ Mắt Màu Vàng', N'Rimmel London', N'Anh', N'Mắt 1 mí', 240000),
('SP287', 'LSP24', 'CC09', N'Kẻ Mắt Màu Đỏ', N'Pupa', N'Ý', N'Mắt 2 mí', 320000),
('SP288', 'LSP24', 'CC10', N'Kẻ Mắt Màu Tím Pastel', N'Essence', N'Đức', N'Mắt mí lót', 300000),

('SP289', 'LSP25', 'CC15', N'Mascara Tăng Độ Cong Cho Mi Dài Dày', N'Too Faced', N'Mỹ', N'Mi dài dày', 420000),
('SP290', 'LSP25', 'CC16', N'Mascara Định Hình Cho Mi Ngắn Dày', N'Urban Decay', N'Mỹ', N'Mi ngắn dày', 350000),
('SP291', 'LSP25', 'CC17', N'Mascara Tạo Độ Phồng Cho Mi Dài Mỏng', N'Fenty Beauty', N'Mỹ', N'Mi dài mỏng', 370000),
('SP292', 'LSP25', 'CC18', N'Mascara Nuôi Dưỡng Mi Ngắn Mỏng', N'Estée Lauder', N'Mỹ', N'Mi ngắn mỏng', 340000),
('SP293', 'LSP25', 'CC19', N'Mascara Làm Dày Mi Tức Thì Cho Mi Ngắn Dày', N'KVD Vegan Beauty', N'Mỹ', N'Mi ngắn dày', 330000),
('SP294', 'LSP25', 'CC20', N'Mascara Dài Mi Đa Năng Cho Mi Dài Mỏng', N'Anastasia Beverly Hills', N'Mỹ', N'Mi dài mỏng', 400000),
('SP295', 'LSP25', 'CC01', N'Mascara Đen Tuyền Cho Mi Dài Dày', N'NYX', N'Mỹ', N'Mi dài dày', 310000),
('SP296', 'LSP25', 'CC02', N'Mascara Chống Trôi Cho Mi Ngắn Mỏng', N'Sephora Collection', N'Pháp', N'Mi ngắn mỏng', 300000),
('SP297', 'LSP25', 'CC03', N'Mascara Tạo Độ Dày Cho Mi Dài Mỏng', N'Charlotte Tilbury', N'Anh', N'Mi dài mỏng', 390000),
('SP298', 'LSP25', 'CC04', N'Mascara Tăng Độ Dài Cho Mi Ngắn Dày', N'Huda Beauty', N'UAE', N'Mi ngắn dày', 365000),
('SP299', 'LSP25', 'CC05', N'Mascara Curling Cho Mi Dài Dày', N'Bobbi Brown', N'Mỹ', N'Mi dài dày', 375000),
('SP300', 'LSP25', 'CC06', N'Mascara Mini Brush Cho Mi Ngắn Mỏng', N'Dior', N'Pháp', N'Mi ngắn mỏng', 355000);

----Hạng thành viên
--Bảng Dim_HangThanhVien 
INSERT INTO Dim_HangThanhVien (MaHangTV, TenHang, SoLuotMua, UuDai)
VALUES
('H01', 'Silver', 5, 'Ưu đãi 5% cho mỗi đơn hàng'),
('H02', 'Gold', 20, 'Ưu đãi 10% cho mỗi đơn hàng và 1 quà tặng hấp dẫn'),
('H03', 'Platinum', 50, 'Ưu đãi 15% cho mỗi đơn hàng, 1 quà tặng cao cấp và miễn phí vận chuyển'),
('H04', 'Diamond', 100, 'Ưu đãi 20% cho mỗi đơn hàng, 2 quà tặng cao cấp và miễn phí vận chuyển'),
('H05', 'VIP', 200, 'Ưu đãi 25% cho mỗi đơn hàng, 3 quà tặng cao cấp và miễn phí vận chuyển và dịch vụ chăm sóc ưu tiên');
----Khách hàng
INSERT INTO Dim_KhachHang (MaKhachHang, MaHangTV, TenKhachHang, DiaChi, TenThanhPho, TenQuanHuyen, GioiTinh, NgaySinh, SDT)
VALUES
('KH001','H01',N'Nguyễn Văn Anh',N'123 Nguyễn Du, Phường 1',N'Thành phố Hồ Chí Minh',N'Quận 1',N'Nam',N'1990-01-15','0901234567'),
('KH002','H02',N'Trần Thị Bích',N'456 Lê Lợi, Phường 2',N'Thành phố Hà Nội',N'Quận Ba Đình',N'Nữ',N'1985-05-20','0912345678'),
('KH003','H03',N'Lê Văn Cường',N'789 Điện Biên Phủ, Phường 3',N'Thành phố Đà Nẵng',N'Quận Hải Châu',N'Nam',N'1995-09-10','0987654321'),
('KH004','H04',N'Phạm Thị Diệu',N'234 Cách Mạng Tháng Tám, Phường 4',N'Thành phố Cần Thơ',N'Quận Ninh Kiều',N'Nữ',N'1992-03-25','0978123456'),
('KH005','H05',N'Hoàng Văn Em',N'567 Hùng Vương, Phường 5',N'Thành phố Hải Phòng',N'Quận Hồng Bàng',N'Nam',N'1988-07-05','0965432109'),
('KH006','H05',N'Mai Thị Phương',N'890 Nguyễn Huệ, Phường 6',N'Thành phố Vũng Tàu',N'Quận Bà Rịa - Vũng Tàu',N'Nữ',N'1980-12-18','0956789012'),
('KH007','H01',N'Nguyễn Thị Dương',N'123A Trần Phú, Phường 7',N'Thành phố Cần Thơ',N'Quận Ninh Kiều',N'Nữ',N'1993-08-30','0923456789'),
('KH008','H02',N'Lê Đình Quang',N'456B Lê Lợi, Phường 8',N'Thành phố Đà Nẵng',N'Quận Sơn Trà',N'Nam',N'1998-02-22','0938765432'),
('KH009','H03',N'Vũ Thị Hương',N'789C Nguyễn Biểu, Phường 9',N'Thành phố Hồ Chí Minh',N'Quận 9',N'Nữ',N'1991-06-12','0945678901'),
('KH010','H04',N'Trần Văn Long',N'234D Cách Mạng Tháng Tám, Phường 10',N'Thành phố Hà Nội',N'Quận Đống Đa',N'Nam',N'1994-11-05','0956789012'),
('KH011','H05',N'Đỗ Thị Hoài',N'567E Hùng Vương, Phường 11',N'Thành phố Vũng Tàu',N'Quận Bà Rịa - Vũng Tàu',N'Nữ',N'1986-04-17','0967890123'),
('KH012','H05',N'Nguyễn Văn Hải',N'890F Nguyễn Huệ, Phường 12',N'Thành phố Hải Phòng',N'Quận Hồng Bàng',N'Nam',N'1983-09-28','0978901234'),
('KH013','H01',N'Phạm Thị Thu',N'111 Xô Viết Nghệ Tĩnh, Phường 5',N'Thành phố Cần Thơ',N'Quận Ninh Kiều',N'Nữ',N'1990-03-15','0987654321'),
('KH014','H02',N'Nguyễn Hồng Phúc',N'222 Đống Đa, Phường 6',N'Thành phố Đà Nẵng',N'Quận Hải Châu',N'Nam',N'1995-09-02','0998765432'),
('KH015','H03',N'Trần Minh Tâm',N'333 Nguyễn Đình Chiểu, Phường 10',N'Thành phố Hồ Chí Minh',N'Quận 1',N'Nam',N'1993-11-21','0912345678'),
('KH016','H04',N'Lê Thị Anh',N'444 Lê Hồng Phong, Phường 8',N'Thành phố Hà Nội',N'Quận Ba Đình',N'Nữ',N'1989-07-07','0909876543'),
('KH017','H05',N'Nguyễn Đức Thịnh',N'555 Phan Thanh Giản, Phường 9',N'Thành phố Vũng Tàu',N'Quận Bà Rịa - Vũng Tàu',N'Nam',N'1985-12-25','0898765432'),
('KH018','H05',N'Lê Thị Diệu',N'666 Lạc Long Quân, Phường 12',N'Thành phố Hải Phòng',N'Quận Ngô Quyền',N'Nữ',N'1992-05-09','0923456789'),
('KH019','H01',N'Nguyễn Văn Minh',N'777 Lê Duẩn, Phường 14',N'Thành phố Cần Thơ',N'Quận Ninh Kiều',N'Nam',N'1987-08-18','0932145678'),
('KH020','H02',N'Lê Thị Ngọc Ánh',N'888 Nguyễn Văn Cừ, Phường 5',N'Thành phố Đà Nẵng',N'Quận Sơn Trà',N'Nữ',N'1991-04-30','0943218765'),
('KH021','H03',N'Phạm Hữu Tấn',N'999 Cách Mạng Tháng Tám, Phường 11',N'Thành phố Hồ Chí Minh',N'Quận 3',N'Nam',N'1988-02-12','0978654321'),
('KH022','H04',N'Lê Thị Thu Hà',N'111 Đống Đa, Phường 8',N'Thành phố Hà Nội',N'Quận Hoàn Kiếm',N'Nữ',N'1990-11-05','0956781234'),
('KH023','H05',N'Nguyễn Thị Hoài An',N'222 Trương Định, Phường 10',N'Thành phố Vũng Tàu',N'Quận Bà Rịa - Vũng Tàu',N'Nữ',N'1986-07-20','0987654321'),
('KH024','H05',N'Trần Văn Dương',N'333 Hùng Vương, Phường 12',N'Thành phố Hải Phòng',N'Quận Lê Chân',N'Nam',N'1994-03-25','0965432109'),
('KH025','H01',N'Nguyễn Thành Trung',N'444 Nguyễn Trãi, Phường 7',N'Thành phố Cần Thơ',N'Quận Ninh Kiều',N'Nam',N'1995-09-14','0921345678'),
('KH026','H02',N'Đỗ Thị Quỳnh Anh',N'555 Lê Hồng Phong, Phường 6',N'Thành phố Đà Nẵng',N'Quận Liên Chiểu',N'Nữ',N'1993-06-22','0914321876'),
('KH027','H03',N'Lê Quang Tân',N'666 Cao Thắng, Phường 12',N'Thành phố Hồ Chí Minh',N'Quận 10',N'Nam',N'1989-01-02','0978656789'),
('KH028','H04',N'Phạm Thị Mai',N'777 Phan Xích Long, Phường 8',N'Thành phố Hà Nội',N'Quận Phú Nhuận',N'Nữ',N'1992-10-11','0956785678'),
('KH029','H05',N'Trần Minh Hoàng',N'888 Lê Lợi, Phường 10',N'Thành phố Vũng Tàu',N'Quận Bà Rịa - Vũng Tàu',N'Nam',N'1985-05-28','0987654789'),
('KH030','H05',N'Lê Thị Hà',N'999 Trần Hưng Đạo, Phường 15',N'Thành phố Hải Phòng',N'Quận Kiến An',N'Nữ',N'1993-02-09','0965432901'),
('KH031','H02',N'Nguyễn Văn Bình',N'111 Lê Lợi, Phường 9',N'Thành phố Cần Thơ',N'Quận Bình Thủy',N'Nam',N'1990-08-15','0932876543'),
('KH032','H03',N'Lê Thị Hương',N'222 Lý Thường Kiệt, Phường 10',N'Thành phố Hồ Chí Minh',N'Quận 3',N'Nữ',N'1994-03-18','0976123456'),
('KH033','H04',N'Phan Thanh Tùng',N'333 Trần Hưng Đạo, Phường 11',N'Thành phố Đà Nẵng',N'Quận Hải Châu',N'Nam',N'1991-12-05','0918123456'),
('KH034','H05',N'Trần Thị Mai',N'444 Phan Xích Long, Phường 6',N'Thành phố Hồ Chí Minh',N'Quận Phú Nhuận',N'Nữ',N'1995-01-25','0946789123'),
('KH035','H05',N'Nguyễn Văn Tuấn',N'555 Lê Lợi, Phường 8',N'Thành phố Vũng Tàu',N'Quận Bà Rịa - Vũng Tàu',N'Nam',N'1988-09-08','0987654321'),
('KH036','H02',N'Lê Thị Lan Anh',N'666 Trần Hưng Đạo, Phường 15',N'Thành phố Hải Phòng',N'Quận Lê Chân',N'Nữ',N'1996-06-12','0965123456'),
('KH037','H05',N'Trần Minh Anh',N'456 Nguyễn Văn Linh, Phường 7',N'Thành phố Cần Thơ',N'Quận Ninh Kiều',N'Nam',N'1988-03-25','0923456789'),
('KH038','H05',N'Lê Thị Quỳnh Nga',N'789 Trần Phú, Phường 10',N'Thành phố Hà Nội',N'Quận Ba Đình',N'Nữ',N'1995-12-10','0945678234'),
('KH039','H01',N'Nguyễn Văn Bình',N'987 Lê Hồng Phong, Phường 12',N'Thành phố Đà Nẵng',N'Quận Thanh Khê',N'Nam',N'1994-09-18','0965432789'),
('KH040','H02',N'Phạm Minh Tuấn',N'159 Cao Thắng, Phường 15',N'Thành phố Hồ Chí Minh',N'Quận 3',N'Nam',N'1991-04-02','0912345987'),
('KH041','H03',N'Trần Thị Thanh Mai',N'753 Nguyễn Trãi, Phường 8',N'Thành phố Hà Nội',N'Quận Thanh Xuân',N'Nữ',N'1996-08-20','0978567321'),
('KH042','H04',N'Nguyễn Văn Quang',N'456 Lý Thường Kiệt, Phường 5',N'Thành phố Cần Thơ',N'Quận Ninh Kiều',N'Nam',N'1992-11-30','0934123789'),
('KH043','H05',N'Lê Thị Phương Linh',N'789 Điện Biên Phủ, Phường 11',N'Thành phố Hồ Chí Minh',N'Quận 10',N'Nữ',N'1990-02-14','0946781234'),
('KH044','H05',N'Hoàng Anh Tú',N'159 Nguyễn Huệ, Phường Bến Nghé',N'Thành phố Hồ Chí Minh',N'Quận 1',N'Nam',N'1988-07-05','0918234567'),
('KH045','H01',N'Phạm Thị Hương',N'753 Trần Hưng Đạo, Phường 2',N'Thành phố Đà Nẵng',N'Quận Hải Châu',N'Nữ',N'1995-04-22','0967123456'),
('KH046','H02',N'Nguyễn Văn Dũng',N'357 Lê Lai, Phường 6',N'Thành phố Hà Nội',N'Quận Hoàn Kiếm',N'Nam',N'1991-09-10','0923456789'),
('KH047','H04',N'Phạm Thị Hằng',N'456 Nguyễn Thị Minh Khai, Phường 7',N'Thành phố Cần Thơ',N'Quận Ninh Kiều',N'Nữ',N'1994-06-15','0912345678'),
('KH048','H05',N'Trần Đình Trọng',N'789 Lê Hồng Phong, Phường 8',N'Thành phố Hồ Chí Minh',N'Quận 5',N'Nam',N'1990-03-28','0987654321'),
('KH049','H05',N'Lê Thị Quỳnh Anh',N'159 Nam Kỳ Khởi Nghĩa, Phường Bến Nghé',N'Thành phố Hồ Chí Minh',N'Quận 1',N'Nữ',N'1993-12-05','0945678901'),
('KH050','H01',N'Đỗ Văn Minh',N'753 Nguyễn Văn Linh, Phường 2',N'Thành phố Đà Nẵng',N'Quận Sơn Trà',N'Nam',N'1988-05-18','0961234567'),
('KH051','H02',N'Nguyễn Thị Thảo',N'357 Trần Phú, Phường 6',N'Thành phố Hà Nội',N'Quận Hai Bà Trưng',N'Nữ',N'1992-10-01','0918765432'),
('KH052','H03',N'Lê Thị Diệu',N'427 Nguyễn Thị Định',N'Thành phố Hồ Chí Minh',N'Thành Phố Thủ Đức',N'Nữ',N'1992-03-15','0900023456'),
('KH053','H04',N'Nguyễn Văn Hậu',N'59 Man Thiện',N'Thành phố Hồ Chí Minh',N'Thành Phố Thủ Đức',N'Nam',N'1997-05-20','0900771222'),
 ('KH054','H05',N'Trần Thị Bích',N'365 Nguyễn Duy Trinh',N'Thành phố Hồ Chí Minh',N'Thành Phố Thủ Đức',N'Nữ',N'2001-12-10','0900335644'),
('KH055','H01',N'Phạm Thu Minh',N'12 Thảo Điền',N'Thành phố Hồ Chí Minh',N'Thành Phố Thủ Đức',N'Nữ',N'1999-07-18','0977100456'),
 ('KH056','H03',N'Nguyễn Thanh Thảo',N'72 Trần Duy Não',N'Thành phố Hồ Chí Minh',N'Thành Phố Thủ Đức',N'Nữ',N'2005-11-25','0938117622'),
  ('KH057','H02',N'Lê Thị Mai Anh',N'55 Lê Lai',N'Thành phố Hồ Chí Minh',N'Quận 1',N'Nữ',N'1998-09-30','0988120556'),
 ('KH058','H03',N'Nguyễn Hoàng Bảo',N'406 Nguyễn Thị Minh Khai',N'Thành phố Hồ Chí Minh',N'Quận 3',N'Nam',N'1994-08-05','0900594666'),
 ('KH059','H04',N'Trần Ngọc Hân',N'703 Cách Mạng Tháng Tám',N'Thành phố Hồ Chí Minh',N'Quận 10',N'Nữ',N'1991-04-25','0919572333'),
 ('KH060','H05',N'Lê Minh Duy',N'101 Lê Lợi',N'Thành phố Hà Nội',N'Quận Hai Bà Trưng',N'Nam',N'1998-12-15','0976457359'),
('KH061','H01',N'Lưu Thị Hồng',N'78 Phạm Thế Hiển',N'Thành phố Hồ Chí Minh',N'Quận 8',N'Nữ',N'1993-06-20','0988725123'),
    ('KH062','H02',N'Trần Văn Phùng',N'456 Lê Lai',N'Thành phố Hà Nội',N'Quận Hoàn Kiếm',N'Nam',N'2003-10-15','0912753444'),
    ('KH063','H03',N'Hoàng Minh Tú',N'34 Trần Phú',N'Thành phố Đà Nẵng',N'Quận Hải Châu',N'Nữ',N'1995-03-08','0984789654'),
    ('KH064','H04',N'Lê Mỹ Diệu',N'63 Tạ Quang Bửu',N'Thành phố Hồ Chí Minh',N'Quận 8',N'Nam',N'1997-09-12','0978456231'),
('KH065','H05',N'Lê Như Ngọc',N'123 Nguyễn Thái Học',N'Thành phố Hồ Chí Minh',N'Quận 10',N'Nữ',N'1997-07-25','0909812477'),
    ('KH066','H01',N'Trần Tuấn Ngọc',N'135 Lê Lợi',N'Thành phố Hà Nội',N'Quận Hoàn Kiếm',N'Nam',N'1997-11-30','0912457364'),
    ('KH067','H03',N'Nguyễn Thị Hải Yến',N'34 Trần Phú',N'Thành phố Đà Nẵng',N'Quận Hải Châu',N'Nữ',N'1994-02-15','0909876543'),
    ('KH068','H02',N'Khưu Văn Khánh',N'35 Lý Thường Kiệt',N'Thành phố Hồ Chí Minh',N'Quận 5',N'Nam',N'1991-10-12','0978563123'),
('KH069','H03',N'Trần Thanh Anh',N'23 Bùi Viện',N'Thành phố Hồ Chí Minh',N'Quận 1',N'Nữ',N'1996-09-30','0988123456'),
    ('KH070','H04',N'Nguyễn Minh Huy',N'401 Nguyễn Thị Minh Khai',N'Thành phố Hồ Chí Minh',N'Quận 3',N'Nam',N'1994-08-05','0900555666'),
    ('KH071','H05',N'Trần Ngọc Hạnh',N'432 Nguyễn Tri Phương',N'Thành phố Hồ Chí Minh',N'Quận 10',N'Nữ',N'1991-04-25','0911222333'),
    ('KH072','H01',N'Lê Văn Tâm',N'101 Lê Lợi',N'Thành phố Hà Nội',N'Quận Hai Bà Trưng',N'Nam',N'1998-11-15','0975793991'),
('KH073','H02',N'Nguyễn Thị Mai',N'23 Lê Lai',N'Thành phố Hồ Chí Minh',N'Quận Bình Tân',N'Nữ',N'1993-06-20','0988555123'),
    ('KH074','H03',N'Trần Văn Phúc',N'73 Đoàn Kết',N'Thành phố Hồ Chí Minh',N'Thành Phố Thủ Đức',N'Nam',N'1988-10-15','0912334736'),
    ('KH075','H04',N'Nguyễn Thị Hằng',N'92 Chân Lý',N'Thành phố Đà Nẵng',N'Thành Phố Thủ Đức',N'Nữ',N'1995-03-08','0909789654'),
    ('KH076','H01',N'Hồ Văn Khánh',N'42 Công Lý',N'Thành phố Hồ Chí Minh',N'Thành Phố Thủ Đức',N'Nam',N'1991-10-12','0978563123'),
('KH077','H02',N'Nguyễn Thanh Thanh',N'12 Phạm Văn Đồng',N'Thành phố Hồ Chí Minh',N'Thành Phố Thủ Đức',N'Nữ',N'1996-09-30','0988174556'),
    ('KH078','H03',N'Trần Minh Tiến',N'95 Trường Thọ',N'Thành phố Hồ Chí Minh',N'Thành Phố Thủ Đức',N'Nam',N'1994-08-05','0909485366'),
    ('KH079','H04',N'Lê Thị Lành',N'789 Linh Đông',N'Thành phố Hồ Chí Minh',N'Thành Phố Thủ Đức',N'Nữ',N'2004-04-25','0911956373'),
   ('KH080','H01',N'Hoàng Minh Hậu',N'101 Linh Trung',N'Thành phố Hà Nội',N'Quận Hai Bà Trưng',N'Nam',N'1998-11-15','0977473649'),
('KH081','H05',N'Phan Anh Thư',N'123 Linh Xuân',N'Thành phố Hồ Chí Minh',N'Thành Phố Thủ Đức',N'Nữ',N'1997-07-25','0909846352'),
    ('KH082','H01',N'Trần Tuấn Tú',N'54 Hoàng Diệu',N'Thành phố Hà Nội',N'Quận Hoàn Kiếm',N'Nam',N'1992-11-30','0912473846'),
    ('KH083','H03',N'Nguyễn Minh Hương',N'34 Trần Quốc Tuấn',N'Thành phố Đà Nẵng',N'Quận Hải Châu',N'Nữ',N'1994-02-15','0909874730'),
    ('KH084','H02',N'Hoàng Văn Anh',N'Đường số 52',N'Thành phố Hồ Chí Minh',N'Thành Phố Thủ Đức',N'Nam',N'1991-10-12','0978564634'),
('KH085','H01',N'Nguyễn Thị Lan',N'Đường số 23',N'Thành phố Hồ Chí Minh',N'Thành Phố Thủ Đức',N'Nữ',N'1996-09-30','0988473906'),
    ('KH086','H02',N'Trần Văn Hải',N'43 Lê Văn Sỹ',N'Thành phố Hồ Chí Minh',N'Quận 3',N'Nam',N'1994-08-05','0900490368'),
    ('KH087','H03',N'Lê Thị Thùy',N'89 Đào Duy Từ',N'Thành phố Hồ Chí Minh',N'Quận 10',N'Nữ',N'1991-04-25','0911223674'),
    ('KH088','H04',N'Phan Văn Dương',N'Đường số 23',N'Thành phố Hồ Chí Minh',N'Thành Phố Thủ Đức',N'Nam',N'1998-11-15','0977362499'),
('KH089','H05',N'Lê Thị Thảo',N'123 Nguyễn Thái Học',N'Thành phố Hồ Chí Minh',N'Quận 10',N'Nữ',N'1997-07-25','0909384077'),
    ('KH090','H01',N'Nguyễn Văn Tâm',N'83 Khâm Thiêm',N'Thành phố Hà Nội',N'Quận Hoàn Kiếm',N'Nam',N'1992-11-30','0912934563'),
    ('KH091','H03',N'Trần Thanh Hương',N'34 Trần Phú',N'Thành phố Đà Nẵng',N'Quận Hải Châu',N'Nữ',N'1994-02-15','0909876543'),
    ('KH092','H02',N'Phan Vân An',N' 78 Hồng Bàng',N'Thành phố Hồ Chí Minh',N'Quận 5',N'Nam',N'1991-10-12','0978234123'),
 ('KH093','H01',N'Trần Thị Lan',N'23 Hoàng Diệu',N'Thành phố Hà Nội',N'Quận Ba Đình',N'Nữ',N'1996-09-30','0988123456'),
    ('KH094','H02',N'Lê Thanh Bình',N'456 Nguyễn Thị Minh Khai',N'Thành phố Hà Nội',N'Quận Đống Đa',N'Nam',N'1994-08-05','0909876567'),
    ('KH095','H03',N'Lê Thị Ngọc',N'789 Lê Lai',N'Thành phố Hà Nội',N'Quận Đống Đa',N'Nữ',N'1991-04-25','0911345223'),
    ('KH096','H04',N'Phạm Minh Nhựt',N'101 Lê Lợi',N'Thành phố Hà Nội',N'Quận Đống Đa',N'Nam',N'1998-11-15','0977836799'),
('KH097','H01',N'Hoàng Văn Hùng',N'23 Lê Lợi',N'Thành phố Hà Nội',N'Quận Ba Đình',N'Nam',N'1996-09-30','0988129045'),
 ('KH098','H02',N'Nguyễn Thị Hương',N'456 Lê Thanh Nghị',N'Thành phố Hà Nội',N'Quận Hai Bà Trưng',N'Nữ',N'1994-08-05','0900558753'),
    ('KH099','H03',N'Trần Văn Hải',N'789 Lê Lai',N'Thành phố Hà Nội',N'Quận Hoàn Kiếm',N'Nam',N'1991-04-25','0911226754'),
    ('KH100','H04',N'Lê Thị Mai',N'101 Lê Lợi',N'Thành phố Hà Nội',N'Quận Đống Đa',N'Nữ',N'1998-11-15','0979374999'),
('KH101','H05',N'Phạm Văn Thanh',N'23 Nguyễn Trãi',N'Thành phố Hà Nội',N'Quận Ba Đình',N'Nam',N'1996-09-30','0988127893'),
    ('KH102','H01',N'Nguyễn Thị Ngọc',N'456 Lê Thanh Nghị',N'Thành phố Hà Nội',N'Quận Hai Bà Trưng',N'Nữ',N'1994-08-05','0908940566'),
    ('KH103','H02',N'Trần Văn Hải',N'789 Lê Lai',N'Thành phố Hà Nội',N'Quận Hoàn Kiếm',N'Nam',N'1991-04-25','0911839433'),
    ('KH104','H03',N'Lê Thị Mai',N'101 Lê Lợi',N'Thành phố Hà Nội',N'Quận Đống Đa',N'Nữ',N'1998-11-15','0977098599'),
('KH105','H04',N'Lý Thị Hương',N'75 Nguyễn Trãi',N'Thành phố Hà Nội',N'Quận Ba Đình',N'Nữ',N'1996-09-30','0988504596'),
    ('KH106','H05',N'Nguyễn Tuấn Thành',N'426 Lê Thanh Nghị',N'Thành phố Hà Nội',N'Quận Hai Bà Trưng',N'Nam',N'1994-08-05','0900555432'),
    ('KH107','H01',N'Trần Hoa Lan',N'789 Lê Lai',N'Thành phố Hà Nội',N'Quận Hoàn Kiếm',N'Nữ',N'1991-04-25','0911247343'),
    ('KH108','H02',N'Nguyễn Ngọc Hưng',N'101 Lê Lợi',N'Thành phố Hà Nội',N'Quận Đống Đa',N'Nam',N'1998-11-15','0977800599'),
('KH109','H03',N'Trần Thanh Nhỏ',N'23 Nguyễn Trãi',N'Thành phố Hà Nội',N'Quận Ba Đình',N'Nam',N'1996-09-30','0988122316'),
    ('KH110','H04',N'Nguyễn Thúy Anh',N'932 Lê Thanh Nghị',N'Thành phố Hà Nội',N'Quận Hai Bà Trưng',N'Nữ',N'1994-08-05','0900347966'),
    ('KH111','H05',N'Lưu Minh Tuấn',N'789 Lê Lai',N'Thành phố Hà Nội',N'Quận Hoàn Kiếm',N'Nam',N'1991-04-25','0911364823'),
    ('KH112','H01',N'Nguyễn Linh Đan',N'101 Lê Lợi',N'Thành phố Hà Nội',N'Quận Đống Đa',N'Nữ',N'1998-11-15','0977463299'),
('KH113','H02',N'Phạm Thúy Ngân',N'23 Nguyễn Trãi',N'Thành phố Hà Nội',N'Quận Ba Đình',N'Nữ',N'1996-09-30','0983725456'),
    ('KH114','H03',N'Trần Duy Hưng',N'456 Lê Thanh Nghị',N'Thành phố Hà Nội',N'Quận Hai Bà Trưng',N'Nam',N'1994-08-05','0900536526'),
    ('KH115','H04',N'Nguyễn Thùy Linh',N'789 Lê Lai',N'Thành phố Hà Nội',N'Quận Hoàn Kiếm',N'Nữ',N'1991-04-25','0911038493'),
    ('KH116','H01',N'Lê Khánh Dương',N'101 Lê Lợi',N'Thành phố Hà Nội',N'Quận Đống Đa',N'Nam',N'1998-11-15','0977847349'),
    ('KH117','H02',N'Hoàng Như Quỳnh',N'23 Nguyễn Trãi',N'Thành phố Hà Nội',N'Quận Ba Đình',N'Nữ',N'1996-09-30','0988584756'),
    ('KH118','H03',N'Nguyễn Duy Hòa',N'456 Lê Thanh Nghị',N'Thành phố Hà Nội',N'Quận Hai Bà Trưng',N'Nam',N'1994-08-05','0903874606'),
    ('KH119','H04',N'Lê Minh Hiền',N'789 Lê Lai',N'Thành phố Hà Nội',N'Quận Hoàn Kiếm',N'Nữ',N'1991-04-25','0911239453'),
    ('KH120','H01',N'Trần Ngọc Tài',N'101 Lê Lợi',N'Thành phố Hà Nội',N'Quận Đống Đa',N'Nam',N'1998-11-15','0979094999'),
    ('KH121','H02',N'Nguyễn Như Thy',N'23 Nguyễn Trãi',N'Thành phố Hà Nội',N'Quận Ba Đình',N'Nữ',N'1996-09-30','0983648956'),
    ('KH122','H03',N'Lý Minh Nhí',N'456 Lê Thanh Nghị',N'Thành phố Hà Nội',N'Quận Hai Bà Trưng',N'Nam',N'1994-08-05','0900485366'),
 ('KH123','H01',N'Lê Minh An',N'123 Đường số 1, Phường Tân Thành',N'Thành phố Hồ Chí Minh',N'Quận Tân Phú',N'Nữ',N'1993-05-18','0909120989'),
    ('KH124','H02',N'Trần Duy Bình',N'456 Đường số 2, Phường Tân Thành',N'Thành phố Hồ Chí Minh',N'Quận Tân Phú',N'Nam',N'1990-09-22','0918356744'),
    ('KH125','H03',N'Lê Ái Hằng',N'789 Đường số 3, Phường Tân Thành',N'Thành phố Hồ Chí Minh',N'Quận Tân Phú',N'Nữ',N'1988-12-10','0988735406'),
    ('KH126','H04',N'Phạm Duy Đức',N'101 Đường số 4, Phường Tân Thành',N'Thành phố Hồ Chí Minh',N'Quận Tân Phú',N'Nam',N'1985-07-05','0977692835'),
    ('KH127','H05',N'Võ Thị Thủy',N'111 Đường số 5, Phường Bình Hòa',N'Thành phố Hồ Chí Minh',N'Quận Bình Tân',N'Nữ',N'1992-11-30','0909236477'),
    ('KH128','H01',N'Lê Thái Tuấn',N'222 Đường số 6, Phường Bình Hòa',N'Thành phố Hồ Chí Minh',N'Quận Bình Tân',N'Nam',N'1989-04-15','0911223673'),
    ('KH129','H02',N'Nguyễn Ngọc Lan',N'333 Đường số 7, Phường Bình Hòa',N'Thành phố Hồ Chí Minh',N'Quận Bình Tân',N'Nữ',N'1987-08-20','0944005966'),
    ('KH130','H03',N'Trần Anh Duy',N'444 Đường số 8, Phường Bình Hòa',N'Thành phố Hồ Chí Minh',N'Quận Bình Tân',N'Nam',N'1995-03-25','0988237463'),
    ('KH131','H04',N'Lê Ánh Mai',N'555 Đường số 9, Phường Bình Hòa',N'Thành phố Hồ Chí Minh',N'Quận Bình Tân',N'Nữ',N'1998-10-12','0911098255'),
    ('KH132','H05',N'Phan Đại Dũng',N'666 Đường số 10, Phường Bình Hòa',N'Thành phố Hồ Chí Minh',N'Quận Bình Tân',N'Nam',N'1990-05-28','0977723481'),
('KH133','H01',N'Nguyễn Văn Tài',N'777 Đường số 11, Phường Tân Thành',N'Thành phố Hồ Chí Minh',N'Quận Tân Phú',N'Nam',N'1993-08-15','0909123456'),
    ('KH134','H02',N'Trần Thị Hà',N'888 Đường số 12, Phường Tân Thành',N'Thành phố Hồ Chí Minh',N'Quận Tân Phú',N'Nữ',N'1991-12-20','0918635464'),
    ('KH135','H03',N'Lê Văn Hải',N'999 Đường số 13, Phường Tân Thành',N'Thành phố Hồ Chí Minh',N'Quận Tân Phú',N'Nam',N'1988-06-25','0973218736'),
    ('KH136','H04',N'Phạm Thị Nhung',N'1111 Đường số 14, Phường Tân Thành',N'Thành phố Hồ Chí Minh',N'Quận Tân Phú',N'Nữ',N'1985-11-10','0971542355'),
    ('KH137','H05',N'Trần Văn Tú',N'1234 Đường số 15, Phường Bình Hòa',N'Thành phố Hồ Chí Minh',N'Quận Bình Tân',N'Nam',N'1992-04-30','0907830477'),
    ('KH138','H01',N'Lê Thị Hồng',N'2345 Đường số 16, Phường Bình Hòa',N'Thành phố Hồ Chí Minh',N'Quận Bình Tân',N'Nữ',N'1989-10-15','0911245678'),
    ('KH139','H02',N'Nguyễn Văn Long',N'3456 Đường số 17, Phường Bình Hòa',N'Thành phố Hồ Chí Minh',N'Quận Bình Tân',N'Nam',N'1987-03-20','0944436786'),
    ('KH140','H03',N'Trần Thị Thu',N'4567 Đường số 18, Phường Bình Hòa',N'Thành phố Hồ Chí Minh',N'Quận Bình Tân',N'Nữ',N'1995-10-25','0988094333'),
    ('KH141','H04',N'Lê Văn Thanh',N'5678 Đường số 19, Phường Bình Hòa',N'Thành phố Hồ Chí Minh',N'Quận Bình Tân',N'Nam',N'1998-02-12','0910932555'),
    ('KH142','H05',N'Phan Thị Lan',N'6789 Đường số 20, Phường Bình Hòa',N'Thành phố Hồ Chí Minh',N'Quận Bình Tân',N'Nữ',N'1990-07-28','0977489544'),
('KH143','H01',N'Nguyễn Thu An',N'532 Nguyễn Huệ',N'Thành phố Hồ Chí Minh',N'Quận Gò Vấp',N'Nam',N'1985-03-15','0905611393'),
  ('KH144','H01',N'Trần Thu Hằng',N'5678 Đường số 15, Phường Thủ Đức',N'Thành phố Hồ Chí Minh',N'Quận Thủ Đức',N'Nữ',N'1995-10-20','0938613209'),
  ('KH145','H02',N'Lê Hoàng Bình',N'7890 Đường số 30, Phường Bình Thạnh',N'Thành phố Hồ Chí Minh',N'Quận Bình Thạnh',N'Nam',N'1992-05-08','0989094209'),
  ('KH146','H02',N'Hoàng Thu Lan',N'2097 Đường số 25, Phường Tân Phú',N'Thành phố Hồ Chí Minh',N'Quận Tân Phú',N'Nữ',N'1998-12-12','0917096209'),
  ('KH147','H02',N'Đỗ Hoàng Đức',N'8901 Đường số 5, Phường 11',N'Thành phố Hồ Chí Minh',N'Quận 10',N'Nam',N'1980-09-30','0984013209'),
  ('KH148','H03',N'Mai Thu Hằng',N'4321 Đường số 40, Phường 12',N'Thành phố Hồ Chí Minh',N'Quận 12',N'Nữ',N'1994-08-25','0925010209'),
  ('KH149','H02',N'Trương Hoàng Long',N'9876 Đường số 35, Phường Tân Bình',N'Thành phố Hồ Chí Minh',N'Quận Tân Bình',N'Nam',N'1987-11-05','0967610107'),
  ('KH150','H01',N'Phạm Thu Mai',N'6543 Đường số 45, Phường Phú Nhuận',N'Thành phố Hồ Chí Minh',N'Quận Phú Nhuận',N'Nữ',N'1996-04-18','0946640107'),
  ('KH151','H05',N'Vũ Hoàng Tân',N'2345 Đường số 50, Phường Bình Chánh',N'Thành phố Hồ Chí Minh',N'Quận Bình Chánh',N'Nam',N'1989-06-10','0936673107'),
  ('KH152','H04',N'Ngô Thu Thanh',N'3107 Đường số 55, Phường Kế Mỹ',N'Thành phố Hồ Chí Minh',N'Quận 3',N'Nữ',N'1993-02-28','0916672107'),
('KH153','H04',N'Nguyễn Thu Ngọc',N'1111 Đường số 60, Phường 6',N'Thành phố Hồ Chí Minh',N'Quận 6',N'Nữ',N'1990-09-17','0981730107'),
  ('KH154','H04',N'Lý Hoàng Tú',N'2222 Đường số 65, Phường 7',N'Thành phố Hồ Chí Minh',N'Quận 7',N'Nam',N'1986-07-22','0972730261'),
  ('KH155','H04',N'Trần Thu Trang',N'3333 Đường số 70, Phường 8',N'Thành phố Hồ Chí Minh',N'Quận 8',N'Nữ',N'1997-05-12','0963730261'),
  ('KH156','H04',N'Phạm Hoàng Nam',N'4444 Đường số 75, Phường 9',N'Thành phố Hồ Chí Minh',N'Quận 9',N'Nam',N'1984-03-28','0901730261'),
  ('KH157','H04',N'Đỗ Thu Hồng',N'5555 Đường số 80, Phường 10',N'Thành phố Hồ Chí Minh',N'Quận 10',N'Nữ',N'1999-11-08','0941730261'),
  ('KH158','H03',N'Vũ Hoàng Anh',N'6666 Đường số 85, Phường 11',N'Thành phố Hồ Chí Minh',N'Quận 11',N'Nữ',N'1991-08-14','0932943261'),
  ('KH159','H03',N'Nguyễn Hoàng Tài',N'7777 Đường số 90, Phường 12',N'Thành phố Hồ Chí Minh',N'Quận 12',N'Nam',N'1988-06-30','0923943261'),
  ('KH160','H03',N'Hoàng Thu Minh',N'49 Trương Đăng Quế',N'Thành phố Hồ Chí Minh',N'Quận Bình Thạnh',N'Nữ',N'1993-04-20','0914943261'),
  ('KH161','H04',N'Lê Hoàng Hưng',N'28 Nguyễn Văn Nghi',N'Thành phố Hồ Chí Minh',N'Quận Gò Vấp',N'Nam',N'1989-02-15','0985943308'),
  ('KH162','H05',N'Nguyễn Thu Hương',N'91B Hương Lộ 2',N'Thành phố Hồ Chí Minh',N'Quận Tân Bình',N'Nữ',N'1994-10-18','0976009308'),
('KH163','H04',N'Trần Hoàng Đạt',N'89/5 QL50',N'Thành phố Hồ Chí Minh',N'Quận Bình Chánh',N'Nam',N'1990-07-27','0902009308'),
  ('KH164','H04',N'Lê Thu Thu',N'145  u Cơ',N'Thành phố Hồ Chí Minh',N'Quận Phú Nhuận',N'Nữ',N'1985-05-15','0973009308'),
  ('KH165','H03',N'Nguyễn Hoàng Tân',N'92 Lạc Long Quân',N'Thành phố Hồ Chí Minh',N'Quận Bình Tân',N'Nam',N'1996-03-18','0933009308'),
  ('KH166','H03',N'Phạm Thu Loan',N'372 Tân Kì Tân Quý',N'Thành phố Hồ Chí Minh',N'Quận Tân Phú',N'Nữ',N'1988-11-20','0924382308'),
  ('KH167','H03',N'Hoàng Hoàng Tuấn',N'278 Lý Thái Tổ',N'Thành phố Hồ Chí Minh',N'Quận 5',N'Nam',N'1993-09-22','0915382308'),
  ('KH168','H03',N'Mai Thu Thanh',N'89 Kinh Dương Vương',N'Thành phố Hồ Chí Minh',N'Quận 6',N'Nữ',N'1998-08-25','0986382308'),
  ('KH169','H03',N'Trần Hoàng Lợi',N'462 Nguyễn Văn Linh',N'Thành phố Hồ Chí Minh',N'Quận 7',N'Nam',N'1992-06-28','0977382308'),
  ('KH170','H03',N'Nguyễn Thu Mỹ',N'19/2 Đường số 145, Phường 8',N'Thành phố Hồ Chí Minh',N'Quận 8',N'Nữ',N'1997-04-30','0967382393'),
  ('KH171','H03',N'Đặng Hoàng Quang',N'38 Lý Tự Trọng',N'Thành phố Hồ Chí Minh',N'Quận 9',N'Nam',N'1986-02-15','0957730393'),
  ('KH172','H03',N'Phan Thu Kim',N'89 Đào Nguyên Phổ',N'Thành phố Hồ Chí Minh',N'Quận 10',N'Nữ',N'1991-12-18','0947730393'),
('KH173','H01',N'Trần Huỳnh Nam',N'2222 Đường số 160, Phường 11',N'Thành phố Hồ Chí Minh',N'Quận 11',N'Nam',N'1990-03-12','0988847121'),
  ('KH174','H02',N'Chu Như Hằng',N'2323 Đường số 165, Phường 12',N'Thành phố Hồ Chí Minh',N'Quận 12',N'Nữ',N'1995-01-20','0978848309'),
  ('KH175','H03',N'Lê Huỳnh Minh',N'2424 Đường số 170, Phường Bình Thạnh',N'Thành phố Hồ Chí Minh',N'Quận Bình Thạnh',N'Nam',N'1998-09-05','0968947303'),
  ('KH176','H04',N'Trần Như Mai',N'2525 Đường số 175, Phường Gò Vấp',N'Thành phố Hồ Chí Minh',N'Quận Gò Vấp',N'Nữ',N'1993-07-18','0958947303'),
  ('KH177','H05',N'Hồ Huỳnh Tuấn',N'2626 Đường số 180, Phường Tân Bình',N'Thành phố Hồ Chí Minh',N'Quận Tân Bình',N'Nam',N'1986-05-30','0948947303'),
 ('KH178','H01',N'Chu Như Hạnh',N'2727 Đường số 185, Phường Phú Nhuận',N'Thành phố Hồ Chí Minh',N'Quận Phú Nhuận',N'Nữ',N'1997-03-15','0938947303'),
  ('KH179','H02',N'Lê Huỳnh Thanh',N'2828 Đường số 190, Phường Bình Chánh',N'Thành phố Hồ Chí Minh',N'Quận Bình Chánh',N'Nam',N'1991-01-25','0928028303'),
  ('KH180','H03',N'Trần Như Hồng',N'2929 Đường số 195, Phường Thủ Đức',N'Thành phố Hồ Chí Minh',N'Quận Thủ Đức',N'Nữ',N'1994-08-10','0918028468'),
  ('KH181','H04',N'Phạm Huỳnh Hùng',N'3030 Đường số 200, Phường 1',N'Thành phố Hồ Chí Minh',N'Quận 1',N'Nam',N'1998-06-20','0908028468'),
  ('KH182','H05',N'Hồ Như Thảo',N'3131 Đường số 205, Phường 2',N'Thành phố Hồ Chí Minh',N'Quận 2',N'Nữ',N'1992-04-05','0989021468'),
('KH188','H01',N'Chu Huỳnh Nam',N'3737 Đường số 235, Phường 8',N'Thành phố Hồ Chí Minh',N'Quận 8',N'Nam',N'1997-01-25','0928021468'),
  ('KH189','H02',N'Lê Như Hương',N'3838 Đường số 240, Phường 9',N'Thành phố Hồ Chí Minh',N'Quận 9',N'Nữ',N'1992-08-10','0918021468'),
  ('KH190','H03',N'Trần Huỳnh Tài',N'3939 Đường số 245, Phường 10',N'Thành phố Hồ Chí Minh',N'Quận 10',N'Nam',N'1986-06-20','0908021301'),
  ('KH191','H04',N'Phạm Như Mai',N'4040 Đường số 250, Phường 11',N'Thành phố Hồ Chí Minh',N'Quận 11',N'Nữ',N'1991-04-05','0988394301'),
  ('KH192','H05',N'Hồ Huỳnh Tuấn',N'4141 Đường số 255, Phường 12',N'Thành phố Hồ Chí Minh',N'Quận 12',N'Nam',N'1994-12-12','0978394301'),
('KH193','H01',N'Chu Như Lan',N'42 Đường số 260, Phường Bình Thạnh',N'Thành phố Hồ Chí Minh',N'Quận Bình Thạnh',N'Nữ',N'1990-11-18','0978394121'),
  ('KH194','H02',N'Lê Huỳnh Hải',N'43 Đường số 265, Phường Gò Vấp',N'Thành phố Hồ Chí Minh',N'Quận Gò Vấp',N'Nam',N'1985-09-20','0968847121'),
  ('KH195','H03',N'Trần Như Thùy',N'44 Đường số 270, Phường Tân Bình',N'Thành phố Hồ Chí Minh',N'Quận Tân Bình',N'Nữ',N'1995-07-18','0958847121'),
  ('KH196','H04',N'Phạm Huỳnh Hào',N'45 Đường số 275, Phường Tân Phú',N'Thành phố Hồ Chí Minh',N'Quận Tân Phú',N'Nam',N'1988-05-30','0948847121'),
  ('KH197','H05',N'Hồ Như Hằng',N'46/6 Đường số 280, Phường Phú Nhuận',N'Thành phố Hồ Chí Minh',N'Quận Phú Nhuận',N'Nữ',N'1993-03-15','0938847121'),
('KH198','H01',N'Nguyễn Văn Long',N'4747 Đường số 285, Phường 1',N'Thành phố Hồ Chí Minh',N'Quận 1',N'Nam',N'1997-01-25','0928783132'),
  ('KH199','H02',N'Lê Thị Mai',N'4848 Đường số 290, Phường 2',N'Thành phố Hồ Chí Minh',N'Quận 2',N'Nữ',N'1992-08-10','0918058132'),
  ('KH200','H03',N'Trần Văn Tiến',N'4949 Đường số 295, Phường 3',N'Thành phố Hồ Chí Minh',N'Quận 3',N'Nam',N'1986-06-20','0908058132'),
  ('KH201','H04',N'Phạm Thị Lan',N'5050 Đường số 300, Phường 4',N'Thành phố Hồ Chí Minh',N'Quận 4',N'Nữ',N'1991-04-05','0988058132'),
  ('KH202','H05',N'Hoàng Văn Quân',N'5151 Đường số 305, Phường 5',N'Thành phố Hồ Chí Minh',N'Quận 5',N'Nam',N'1994-12-12','0978058163'),
('KH203','H01',N'Nguyễn Thị Trang',N'5252 Đường số 310, Phường 6',N'Thành phố Hồ Chí Minh',N'Quận 6',N'Nữ',N'1990-11-18','0978058163'),
  ('KH204','H02',N'Lê Văn Hùng',N'5353 Đường số 315, Phường 7',N'Thành phố Hồ Chí Minh',N'Quận 7',N'Nam',N'1985-09-20','0968058158'),
  ('KH205','H03',N'Trần Thị Thảo',N'5454 Đường số 320, Phường 8',N'Thành phố Hồ Chí Minh',N'Quận 8',N'Nữ',N'1995-07-18','0958058158'),
  ('KH206','H04',N'Phạm Văn Đức',N'5555 Đường số 325, Phường 9',N'Thành phố Hồ Chí Minh',N'Quận 9',N'Nam',N'1988-05-30','0948054158'),
  ('KH207','H05',N'Hoàng Thị Thu',N'5656 Đường số 330, Phường 10',N'Thành phố Hồ Chí Minh',N'Quận 10',N'Nữ',N'1993-03-15','0938054158'),
 ('KH208','H01',N'Nguyễn Văn Hùng',N'5757 Đường số 335, Phường 11',N'Thành phố Hồ Chí Minh',N'Quận 11',N'Nam',N'1997-01-25','0928573158'),
  ('KH209','H02',N'Lê Thị Thanh',N'5858 Đường số 340, Phường 12',N'Thành phố Hồ Chí Minh',N'Quận 12',N'Nữ',N'1992-08-10','0918573158'),
  ('KH210','H03',N'Trần Văn Tú',N'5959 Đường số 345, Phường Gò Vấp',N'Thành phố Hồ Chí Minh',N'Quận Gò Vấp',N'Nam',N'1986-06-20','0934573158'),
  ('KH211','H04',N'Phạm Thị Hà',N'6060 Đường số 350, Phường Tân Bình',N'Thành phố Hồ Chí Minh',N'Quận Tân Bình',N'Nữ',N'1991-04-05','0193573158'),
  ('KH212','H05',N'Hoàng Văn Hùng',N'6161 Đường số 355, Phường Tân Phú',N'Thành phố Hồ Chí Minh',N'Quận Tân Phú',N'Nam',N'1994-12-12','0978345158'),
('KH213','H01',N'Nguyễn Thị Thu',N'6262 Đường số 360, Phường Phú Nhuận',N'Thành phố Hồ Chí Minh',N'Quận Phú Nhuận',N'Nữ',N'1990-11-18','0978592158'),
  ('KH214','H02',N'Lê Văn Hưng',N'6363 Đường số 365, Phường Bình Thạnh',N'Thành phố Hồ Chí Minh',N'Quận Bình Thạnh',N'Nam',N'1985-09-20','0968234083'),
  ('KH215','H03',N'Trần Thị Hương',N'6464 Đường số 370, Phường 1',N'Thành phố Hồ Chí Minh',N'Quận 1',N'Nữ',N'1995-07-18','0922392083'),
  ('KH216','H04',N'Phạm Văn Thịnh',N'6565 Đường số 375, Phường 2',N'Thành phố Hồ Chí Minh',N'Quận 2',N'Nam',N'1988-05-30','0293592083'),
  ('KH217','H05',N'Hoàng Thị Tuyết',N'6666 Đường số 380, Phường 3',N'Thành phố Hồ Chí Minh',N'Quận 3',N'Nữ',N'1993-03-15','0938292083'),
('KH218','H01',N'Nguyễn Văn Hiển',N'6767 Đường số 385, Phường 4',N'Thành phố Hồ Chí Minh',N'Quận 4',N'Nam',N'1997-01-25','0183192083'),
  ('KH219','H02',N'Lê Thị Lan',N'6868 Đường số 390, Phường 5',N'Thành phố Hồ Chí Minh',N'Quận 5',N'Nữ',N'1992-08-10','0182192083'),
  ('KH220','H03',N'Trần Văn Tài',N'6969 Đường số 395, Phường 6',N'Thành phố Hồ Chí Minh',N'Quận 6',N'Nam',N'1986-06-20','0838392673'),
  ('KH221','H04',N'Phạm Thị Thu',N'7070 Đường số 400, Phường 7',N'Thành phố Hồ Chí Minh',N'Quận 7',N'Nữ',N'1991-04-05','0937367673'),
  ('KH222','H05',N'Hoàng Văn Tâm',N'7171 Đường số 405, Phường 8',N'Thành phố Hồ Chí Minh',N'Quận 8',N'Nam',N'1994-12-12','0978201673'),
('KH223','H01',N'Nguyễn Thị Hồng',N'7272 Đường số 410, Phường 9',N'Thành phố Hồ Chí Minh',N'Quận 9',N'Nữ',N'1990-11-18','0978378373'),
  ('KH224','H02',N'Lê Văn Thành',N'7373 Đường số 415, Phường 10',N'Thành phố Hồ Chí Minh',N'Quận 10',N'Nam',N'1985-09-20','0962833163'),
  ('KH225','H03',N'Trần Thị Loan',N'7474 Đường số 420, Phường 11',N'Thành phố Hồ Chí Minh',N'Quận 11',N'Nữ',N'1995-07-18','0958783523'),
  ('KH226','H04',N'Phạm Văn Hải',N'7575 Đường số 425, Phường 12',N'Thành phố Hồ Chí Minh',N'Quận 12',N'Nam',N'1988-05-30','0948789263'),
  ('KH227','H05',N'Hoàng Thị Lan',N'7676 Đường số 430, Phường Gò Vấp',N'Thành phố Hồ Chí Minh',N'Quận Gò Vấp',N'Nữ',N'1993-03-15','0938473431'),
('KH228','H01',N'Nguyễn Thành Dũng',N'77 Lũy Bán Bích',N'Thành phố Hồ Chí Minh',N'Quận Tân Bình',N'Nam',N'1997-01-25','0928923456'),
('KH229','H02',N'Lê Cẩm Lan',N'78 Trần Hưng Đạo',N'Thành phố Hồ Chí Minh',N'Quận Tân Phú',N'Nữ',N'1992-08-10','0918128356'),
('KH230','H03',N'Trần Thành Nam',N'29 Lạc Long Quân',N'Thành phố Hồ Chí Minh',N'Quận Phú Nhuận',N'Nam',N'1986-06-20','0984657456'),
('KH231','H04',N'Phạm Cẩm Hương',N'39 Tôn Đức Thắng',N'Thành phố Hồ Chí Minh',N'Quận Bình Thạnh',N'Nữ',N'1991-04-05','0987835466'),
('KH232','H05',N'Hoàng Thành Tùng',N'89 Nguyễn Đình Chiểu',N'Thành phố Hồ Chí Minh',N'Quận 1',N'Nam',N'1994-12-12','0978104256'),
('KH233','H01',N'Nguyễn Cẩm Thanh',N'93 Cao Bá Quát',N'Thành phố Hồ Chí Minh',N'Quận 2',N'Nữ',N'1990-11-18','0928934345'),
('KH234','H02',N'Lê Thành Hưng',N'29 Bình Hưng Hòa',N'Thành phố Hồ Chí Minh',N'Quận 3',N'Nam',N'1985-09-20','0968927356'),
('KH235','H03',N'Trần Cẩm Hoa',N'38 Trường Sa',N'Thành phố Hồ Chí Minh',N'Quận 4',N'Nữ',N'1995-07-18','0958123456'),
('KH236','H04',N'Phạm Thành Tuấn',N'87 Hoàng Sa',N'Thành phố Hồ Chí Minh',N'Quận 5',N'Nam',N'1988-05-30','0948739456'),
('KH237','H05',N'Hoàng Cẩm Thảo',N'98 Trường Chinh',N'Thành phố Hồ Chí Minh',N'Quận 6',N'Nữ',N'1993-03-15','0938928376'),
('KH238','H01',N'Nguyễn Thế Anh',N'67 Lê Hồng Phong',N'Thành phố Hồ Chí Minh',N'Quận 10',N'Nam',N'1990-09-20','0973234376'),
('KH239','H02',N'Lê Minh Lan',N'28 Thuận Kiều',N'Thành phố Hồ Chí Minh',N'Quận 1',N'Nữ',N'1988-08-10','0916900976'),
('KH240','H03',N'Trần Thanh Nam',N'89 Hồng Bàng',N'Thành phố Hồ Chí Minh',N'Quận 5',N'Nam',N'1993-07-18','0951928376'),
('KH241','H04',N'Phạm Minh Thu',N'99 Phan Đăng Lưu',N'Thành phố Hồ Chí Minh',N'Quận Bình Thạnh',N'Nữ',N'1991-04-05','0987924446'),
('KH242','H05',N'Hoàng Tuệ Tâm',N'123 Cao Thắng',N'Thành phố Hồ Chí Minh',N'Quận 10',N'Nam',N'1994-12-12','0978923926'),
('KH243','H01',N'Huỳnh Mỹ Hường',N'45 Huỳnh Văn Cừ',N'Hà Nội',N'Quận Long Biên',N'Nữ',N'1992-07-05','0901873646'),
('KH244','H02',N'Lê Văn Nam',N'67 Đỗ Phú',N'Hà Nội',N'Quận Ba Đình',N'Nam',N'1985-12-15','0986983476'),
('KH245','H03',N'Đỗ Mỹ Thanh',N'123 Hoàng Diệu',N'Hà Nội',N'Quận Hai Bà Trưng',N'Nữ',N'1995-06-20','0971982376'),
('KH246','H04',N'Phạm Văn Đức',N'89 Huỳnh Thái Học',N'Hà Nội',N'Quận Hoàn Kiếm',N'Nam',N'1988-05-15','0968452837'),
('KH247','H05',N'Hoàng Mỹ Lan',N'456 Đê La Thành',N'Hà Nội',N'Quận Đống Đa',N'Nữ',N'1993-11-25','0951921536'),
('KH253','H01',N'Huỳnh Mỹ Hằng',N'45 Lê Duẩn',N'Hà Nội',N'Quận Hoàn Kiếm',N'Nữ',N'1992-07-05','0901928468'),
('KH254','H02',N'Lê Văn Nam',N'67 Huỳnh Tri Phương',N'Hà Nội',N'Quận Ba Đình',N'Nam',N'1985-12-15','0982748378'),
('KH255','H03',N'Đỗ Mỹ Thanh',N'123 Đội Cấn',N'Hà Nội',N'Quận Ba Đình',N'Nữ',N'1995-06-20','0971920938'),
('KH256','H04',N'Phạm Văn Đức',N'89 Hoàng Diệu',N'Hà Nội',N'Quận Ba Đình',N'Nam',N'1988-05-15','0961924528'),
('KH257','H05',N'Hoàng Mỹ Lan',N'456 Đào Duy Từ',N'Hà Nội',N'Quận Hoàn Kiếm',N'Nữ',N'1993-11-25','0951925438'),
('KH258','H01',N'Huỳnh Văn An',N'23 Đỗ Phú',N'Hà Nội',N'Quận Hai Bà Trưng',N'Nam',N'1992-09-10','0928628379'),
('KH259','H02',N'Lê Mỹ Thu',N'67 Hàng Bài',N'Hà Nội',N'Quận Hoàn Kiếm',N'Nữ',N'1988-08-20','0916919279'),
('KH260','H03',N'Đỗ Văn Tâm',N'123 Huỳnh Huệ',N'Hà Nội',N'Quận Hai Bà Trưng',N'Nam',N'1993-07-18','0958728379'),
('KH261','H04',N'Phạm Mỹ Hạnh',N'89 Hai Bà Trưng',N'Hà Nội',N'Quận Hoàn Kiếm',N'Nữ',N'1991-04-05','0526928379'),
('KH262','H05',N'Hoàng Văn Đạt',N'456 Phố Huế',N'Hà Nội',N'Quận Hoàn Kiếm',N'Nam',N'1994-12-12','0978952779'),
('KH263','H01',N'Huỳnh Mỹ Hằng',N'45 Lê Duẩn',N'Hà Nội',N'Quận Hoàn Kiếm',N'Nữ',N'1992-07-05','0901965480'),
('KH264','H02',N'Lê Văn Nam',N'67 Huỳnh Tri Phương',N'Hà Nội',N'Quận Ba Đình',N'Nam',N'1985-12-15','0986128380'),
('KH265','H03',N'Đỗ Mỹ Thanh',N'123 Đội Cấn',N'Hà Nội',N'Quận Ba Đình',N'Nữ',N'1995-06-20','0971928380'),
('KH266','H04',N'Phạm Văn Đức',N'89 Hoàng Diệu',N'Hà Nội',N'Quận Ba Đình',N'Nam',N'1988-05-15','0961922340'),
('KH267','H05',N'Hoàng Mỹ Lan',N'456 Đào Duy Từ',N'Hà Nội',N'Quận Hoàn Kiếm',N'Nữ',N'1993-11-25','0951109380'),
('KH268','H01',N'Huỳnh Văn An',N'23 Đỗ Phú',N'Hà Nội',N'Quận Hai Bà Trưng',N'Nam',N'1992-09-10','0908928381'),
('KH269','H02',N'Lê Mỹ Thu',N'67 Hàng Bài',N'Hà Nội',N'Quận Hoàn Kiếm',N'Nữ',N'1988-08-20','0916921261'),
('KH270','H03',N'Đỗ Văn Tâm',N'123 Huỳnh Huệ',N'Hà Nội',N'Quận Hai Bà Trưng',N'Nam',N'1993-07-18','0950988381'),
('KH271','H04',N'Phạm Mỹ Hạnh',N'89 Hai Bà Trưng',N'Hà Nội',N'Quận Hoàn Kiếm',N'Nữ',N'1991-04-05','0182928381'),
('KH272','H05',N'Hoàng Văn Đạt',N'456 Phố Huế',N'Hà Nội',N'Quận Hoàn Kiếm',N'Nam',N'1994-12-12','0978992381'),
('KH273','H01',N'Nguyễn Phúc Hằng',N'45 Hoàng Quốc Việt',N'Hà Nội',N'Quận Hoàn Kiếm',N'Nữ',N'1992-07-05','0901955182'),
('KH274','H02',N'Lê Nguyễn Nam',N'67 Trung Kính',N'Hà Nội',N'Quận Ba Đình',N'Nam',N'1985-12-15','0986955182'),
('KH275','H03',N'Trần Phúc Thanh',N'193 Đội Cấn',N'Hà Nội',N'Quận Ba Đình',N'Nữ',N'1995-06-20','0971955182'),
('KH276','H04',N'Phạm Nguyễn Đức',N'89 Hoàng Diệu',N'Hà Nội',N'Quận Ba Đình',N'Nam',N'1988-05-15','0961955182'),
('KH277','H05',N'Hoàng Phúc Lan',N'456 Dương Đình Nghệ',N'Hà Nội',N'Quận Hoàn Kiếm',N'Nữ',N'1993-11-25','0951955182'),
('KH278','H01',N'Nguyễn An',N'23 Trần Duy Hưng',N'Hà Nội',N'Quận Hai Bà Trưng',N'Nam',N'1992-09-10','0901955183'),
('KH279','H02',N'Lê Phúc Thu',N'97 Hàng Bài',N'Hà Nội',N'Quận Hoàn Kiếm',N'Nữ',N'1988-08-20','0916955183'),
('KH280','H03',N'Trần Nguyễn Tâm',N'123 Nghĩa Tân',N'Hà Nội',N'Quận Hai Bà Trưng',N'Nam',N'1993-07-18','0951955183'),
('KH281','H04',N'Phạm Phúc Hạnh',N'89 Mai Dịch',N'Hà Nội',N'Quận Hoàn Kiếm',N'Nữ',N'1991-04-05','0987955183'),
('KH282','H05',N'Hoàng Nguyễn Đạt',N'456 Phố Cổ',N'Hà Nội',N'Quận Hoàn Kiếm',N'Nam',N'1994-12-12','0978955183'),
('KH551','H01',N'Nguyễn Phúc Hằng',N'45 Quan Hoa',N'Hà Nội',N'Quận Hoàn Kiếm',N'Nữ',N'1992-07-05','0901955184'),
('KH284','H02',N'Lê Nguyễn Nam',N'67 Nam Trung Yên',N'Hà Nội',N'Quận Ba Đình',N'Nam',N'1985-12-15','0986955184'),
('KH285','H03',N'Trần Phúc Thanh',N'19 Mễ Trì',N'Hà Nội',N'Quận Ba Đình',N'Nữ',N'1995-06-20','0971955184'),
('KH286','H04',N'Phạm Nguyễn Đức',N'94 Thái Hà',N'Hà Nội',N'Quận Ba Đình',N'Nam',N'1988-05-15','0961955184'),
('KH287','H05',N'Hoàng Phúc Lan',N'45 Thái Hà',N'Hà Nội',N'Quận Hoàn Kiếm',N'Nữ',N'1993-11-25','0951955184'),
('KH288','H01',N'Nguyễn An',N'23 Hàng Mã',N'Hà Nội',N'Quận Hai Bà Trưng',N'Nam',N'1992-09-10','0901955185'),
('KH289','H02',N'Lê Phúc Thu',N'67 Hàng Bài',N'Hà Nội',N'Quận Hoàn Kiếm',N'Nữ',N'1988-08-20','0916955185'),
('KH290','H03',N'Trần Nguyễn Tâm',N'34 Liễu Giai',N'Hà Nội',N'Quận Hai Bà Trưng',N'Nam',N'1993-07-18','0951955185'),
('KH291','H04',N'Phạm Phúc Hạnh',N'89 Phường Cấn',N'Hà Nội',N'Quận Hoàn Kiếm',N'Nữ',N'1991-04-05','0987955185'),
('KH292','H05',N'Hoàng Nguyễn Đạt',N'49 Thành Công',N'Hà Nội',N'Quận Hoàn Kiếm',N'Nam',N'1994-12-12','0978955185'),
('KH293','H01',N'Nguyễn Phúc Hằng',N'45 Quán Thánh',N'Hà Nội',N'Quận Hoàn Kiếm',N'Nữ',N'1992-07-05','0901955186'),
('KH294','H02',N'Lê Nguyễn Nam',N'67 Nguyễn Văn Trỗi',N'Hà Nội',N'Quận Ba Đình',N'Nam',N'1985-12-15','0986955186'),
('KH295','H03',N'Trần Phúc Thanh',N'93 Đội Cấn',N'Hà Nội',N'Quận Ba Đình',N'Nữ',N'1995-06-20','0971955186'),
('KH296','H04',N'Phạm Nguyễn Đức',N'89 Hoàng Diệu',N'Hà Nội',N'Quận Ba Đình',N'Nam',N'1988-05-15','0961955186'),
('KH297','H05',N'Hoàng Phúc Lan',N'456 Yên Phụ',N'Hà Nội',N'Quận Hoàn Kiếm',N'Nữ',N'1993-11-25','0951955186'),
('KH298','H01',N'Nguyễn An',N'23 Nam Đồng',N'Hà Nội',N'Quận Hai Bà Trưng',N'Nam',N'1992-09-10','0901955187'),
('KH299','H02',N'Lê Phúc Thu',N'67 Hàng Bài',N'Hà Nội',N'Quận Hoàn Kiếm',N'Nữ',N'1988-08-20','0916955187'),
('KH300','H03',N'Trần Nguyễn Tâm',N'123 Nguyễn Huệ',N'Hà Nội',N'Quận Hai Bà Trưng',N'Nam',N'1993-07-18','0951955187'),
('KH301','H04',N'Phạm Phúc Hạnh',N'89 Hai Bà Trưng',N'Hà Nội',N'Quận Hoàn Kiếm',N'Nữ',N'1991-04-05','0987955187'),
('KH302','H05',N'Hoàng Nguyễn Đạt',N'46 Kim Mã',N'Hà Nội',N'Quận Hoàn Kiếm',N'Nam',N'1994-12-12','0978955187');

---Bảng Dim_PhuongThucThanhToan 
INSERT INTO Dim_PhuongThucThanhToan (MaPTTT, TenPTTT) VALUES
('PT01', N'Tiền mặt'),
('PT02', N'Ví Momo'),
('PT03', N'Ví Paypal'),
('PT04', N'Thẻ tín dụng ghi nợ'),
('PT05', N'Chuyển khoản');

--Trigger này chạy riêng 1 mình 
CREATE TRIGGER trg_CalculateTongTien
ON Fact_BanHang
AFTER INSERT
AS
BEGIN
    SET NOCOUNT ON;

    UPDATE fbh --factbanhang 
    SET TongTien = dsp.GiaBan * i.SoLuong --dsp dimsanpham 
    FROM Fact_BanHang fbh
    INNER JOIN inserted i ON fbh.MaGiaoDich = i.MaGiaoDich
    INNER JOIN Dim_SanPham dsp ON fbh.MaSanPham = dsp.MaSanPham;
END;

INSERT INTO Fact_BanHang (MaGiaoDich, MaNgay, MaNhanVien, MaKhachHang, MaSanPham, MaPTTT, SoLuong, HinhThucMua, TongTien)
VALUES
('GD001', '0366', 'NV001', 'KH001', 'SP001', 'PT01', 5, N'Offline', 150000.000),
   ('GD002', '0367', 'NV002', 'KH002', 'SP002', 'PT02', 9, N'Online', 120000.000),
   ('GD003', '0368', 'NV003', 'KH003', 'SP003', 'PT01', 7, N'Offline', 75000.000),
   ('GD004', '0369', 'NV004', 'KH004', 'SP004', 'PT03', 8, N'Offline', 50000.000),
    ('GD005', '0370', 'NV005', 'KH005', 'SP005', 'PT01', 10, N'Online', 180000.000),
    ('GD006', '0371', 'NV006', 'KH006', 'SP006', 'PT02', 7, N'Offline', 90000.000),
    ('GD007', '0372', 'NV007', 'KH007', 'SP007', 'PT01', 9, N'Online', 135000.000),
    ('GD008', '0373', 'NV008', 'KH008', 'SP008', 'PT03', 8, N'Offline', 25000.000),
    ('GD009', '0374', 'NV009', 'KH009', 'SP009', 'PT01', 6, N'Online', 270000.000),
    ('GD010', '0375', 'NV010', 'KH010', 'SP010', 'PT02', 7, N'Offline', 100000.000),
    ('GD011', '0376', 'NV011', 'KH011', 'SP011', 'PT01', 9, N'Online', 150000.000),
    ('GD012', '0377', 'NV012', 'KH012', 'SP012', 'PT03', 8, N'Offline', 60000.000),
    ('GD013', '0378', 'NV013', 'KH013', 'SP013', 'PT01', 5, N'Online', 225000.000),
    ('GD014', '0379', 'NV014', 'KH014', 'SP014', 'PT02', 7, N'Offline', 80000.000),
    ('GD015', '0380', 'NV015', 'KH015', 'SP015', 'PT01', 10, N'Online', 200000.000),
    ('GD016', '0381', 'NV016', 'KH016', 'SP016', 'PT03', 8, N'Offline', 35000.000),
    ('GD017', '0382', 'NV017', 'KH017', 'SP017', 'PT01', 9, N'Online', 105000.000),
    ('GD018', '0383', 'NV018', 'KH018', 'SP018', 'PT02', 7, N'Offline', 120000.000),
 ('GD019', '0384', 'NV019', 'KH019', 'SP019', 'PT01', 6, N'Online', 300000.000),
    ('GD020', '0385', 'NV020', 'KH020', 'SP020', 'PT03', 8, N'Offline', 40000.000),
    ('GD021', '0386', 'NV021', 'KH021', 'SP021', 'PT01', 9, N'Online', 135000.000),
    ('GD022', '0387', 'NV022', 'KH022', 'SP022', 'PT02', 7, N'Offline', 90000.000),
    ('GD023', '0388', 'NV023', 'KH023', 'SP023', 'PT01', 10, N'Online', 180000.000),
    ('GD024', '0389', 'NV024', 'KH024', 'SP024', 'PT03', 8, N'Offline', 50000.000),
    ('GD025', '0390', 'NV025', 'KH025', 'SP025', 'PT01', 5, N'Online', 250000.000),
    ('GD026', '0391', 'NV026', 'KH026', 'SP026', 'PT02', 7, N'Offline', 100000.000),
    ('GD027', '0392', 'NV027', 'KH027', 'SP027', 'PT01', 9, N'Online', 150000.000),
    ('GD028', '0393', 'NV028', 'KH028', 'SP028', 'PT03', 8, N'Offline', 60000.000),
    ('GD029', '0394', 'NV029', 'KH029', 'SP029', 'PT01', 6, N'Online', 300000.000),
    ('GD030', '0395', 'NV030', 'KH030', 'SP030', 'PT02', 7, N'Offline', 90000.000),
    ('GD031', '0396', 'NV031', 'KH031', 'SP031', 'PT01', 10, N'Online', 200000.000),
    ('GD032', '0397', 'NV032', 'KH032', 'SP032', 'PT03', 8, N'Offline', 45000.000),


    ('GD033', '0398', 'NV013', 'KH033', 'SP033', 'PT01', 5, N'Online', 225000.000),
    ('GD034', '0399', 'NV014', 'KH034', 'SP034', 'PT02', 7, N'Offline', 80000.000),
    ('GD035', '0400', 'NV015', 'KH035', 'SP035', 'PT01', 10, N'Online', 200000.000),
    ('GD036', '0401', 'NV016', 'KH036', 'SP036', 'PT03', 8, N'Offline', 35000.000),
    ('GD037', '0402', 'NV017', 'KH037', 'SP037', 'PT01', 9, N'Online', 105000.000),
    ('GD038', '0403', 'NV018', 'KH038', 'SP038', 'PT02', 7, N'Offline', 120000.000),
    ('GD039', '0404', 'NV019', 'KH039', 'SP039', 'PT01', 6, N'Online', 300000.000),
    ('GD040', '0405', 'NV010', 'KH040', 'SP040', 'PT03', 8, N'Offline', 40000.000),
    ('GD041', '0406', 'NV011', 'KH041', 'SP041', 'PT01', 9, N'Online', 135000.000),
    ('GD042', '0407', 'NV012', 'KH042', 'SP042', 'PT02', 7, N'Offline', 90000.000),
    ('GD043', '0408', 'NV013', 'KH043', 'SP043', 'PT01', 10, N'Online', 180000.000),
    ('GD044', '0409', 'NV014', 'KH044', 'SP044', 'PT03', 8, N'Offline', 50000.000),
    ('GD045', '0410', 'NV015', 'KH045', 'SP045', 'PT01', 5, N'Online', 250000.000),
    ('GD046', '0411', 'NV016', 'KH046', 'SP046', 'PT02', 7, N'Offline', 100000.000),
    ('GD047', '0412', 'NV017', 'KH047', 'SP047', 'PT01', 9, N'Online', 150000.000),
    ('GD048', '0413', 'NV018', 'KH048', 'SP048', 'PT03', 8, N'Offline', 60000.000),
    ('GD049', '0414', 'NV019', 'KH049', 'SP049', 'PT01', 6, N'Online', 300000.000),
   ('GD050', '0495', 'NV010', 'KH050', 'SP090', 'PT02', 7, N'Offline', 90000.000),
    ('GD051', '0416', 'NV001', 'KH051', 'SP051', 'PT01', 10, N'Online', 200000.000),
    ('GD052', '0417', 'NV012', 'KH052', 'SP052', 'PT03', 8, N'Offline', 45000.000),
    ('GD053', '0418', 'NV013', 'KH053', 'SP053', 'PT01', 5, N'Online', 225000.000),
    ('GD054', '0419', 'NV014', 'KH054', 'SP054', 'PT02', 7, N'Offline', 80000.000),
    ('GD055', '0420', 'NV015', 'KH055', 'SP055', 'PT01', 10, N'Online', 200000.000),
    ('GD056', '0421', 'NV016', 'KH056', 'SP056', 'PT03', 8, N'Offline', 35000.000),
    ('GD057', '0422', 'NV017', 'KH057', 'SP057', 'PT01', 9, N'Online', 105000.000),
    ('GD058', '0423', 'NV018', 'KH058', 'SP058', 'PT02', 7, N'Offline', 120000.000),
    ('GD059', '0424', 'NV019', 'KH059', 'SP059', 'PT01', 6, N'Online', 300000.000),
    ('GD060', '0425', 'NV010', 'KH060', 'SP060', 'PT03', 8, N'Offline', 40000.000),
  ('GD061', '0426', 'NV001', 'KH061', 'SP110', 'PT03', 8, N'Offline', 45000.000),
    ('GD062', '0427', 'NV012', 'KH062', 'SP062', 'PT01', 5, N'Online', 225000.000),
    ('GD063', '0428', 'NV013', 'KH063', 'SP063', 'PT02', 7, N'Offline', 80000.000),
    ('GD064', '0429', 'NV014', 'KH064', 'SP064', 'PT01', 10, N'Online', 200000.000),
    ('GD065', '0430', 'NV015', 'KH065', 'SP065', 'PT03', 8, N'Offline', 35000.000),
    ('GD066', '0431', 'NV016', 'KH066', 'SP066', 'PT01', 9, N'Online', 105000.000),
    ('GD067', '0432', 'NV017', 'KH067', 'SP067', 'PT02', 7, N'Offline', 120000.000),
    ('GD068', '0433', 'NV018', 'KH068', 'SP068', 'PT01', 6, N'Online', 300000.000),
    ('GD069', '0434', 'NV019', 'KH069', 'SP069', 'PT03', 8, N'Offline', 40000.000),
    ('GD070', '0635', 'NV010', 'KH070', 'SP070', 'PT01', 9, N'Online', 135000.000),
    ('GD071', '0436', 'NV011', 'KH071', 'SP071', 'PT02', 7, N'Offline', 90000.000),
    ('GD072', '0437', 'NV012', 'KH072', 'SP072', 'PT01', 10, N'Online', 180000.000),
    ('GD073', '0438', 'NV013', 'KH073', 'SP073', 'PT03', 8, N'Offline', 50000.000),
    ('GD074', '0439', 'NV014', 'KH074', 'SP074', 'PT01', 5, N'Online', 250000.000),
    ('GD075', '0440', 'NV015', 'KH075', 'SP075', 'PT02', 7, N'Offline', 100000.000),
    ('GD076', '0441', 'NV016', 'KH076', 'SP076', 'PT01', 9, N'Online', 150000.000),
    ('GD077', '0442', 'NV017', 'KH077', 'SP077', 'PT03', 8, N'Offline', 60000.000),
    ('GD078', '0443', 'NV018', 'KH078', 'SP078', 'PT01', 6, N'Online', 300000.000),
    ('GD079', '0444', 'NV019', 'KH079', 'SP079', 'PT02', 7, N'Offline', 90000.000),
    ('GD080', '0745', 'NV010', 'KH080', 'SP080', 'PT01', 10, N'Online', 200000.000),
    ('GD081', '0946', 'NV001', 'KH081', 'SP081', 'PT03', 8, N'Offline', 45000.000),
    ('GD082', '0447', 'NV012', 'KH082', 'SP082', 'PT01', 5, N'Online', 225000.000),
    ('GD083', '0448', 'NV013', 'KH083', 'SP083', 'PT02', 7, N'Offline', 80000.000),
    ('GD084', '0449', 'NV014', 'KH084', 'SP084', 'PT01', 10, N'Online', 200000.000),
    ('GD085', '0450', 'NV015', 'KH085', 'SP085', 'PT03', 8, N'Offline', 35000.000),
    ('GD086', '0451', 'NV016', 'KH086', 'SP086', 'PT01', 9, N'Online', 105000.000),
    ('GD087', '0452', 'NV017', 'KH087', 'SP087', 'PT02', 7, N'Offline', 120000.000),
    ('GD088', '0453', 'NV018', 'KH088', 'SP088', 'PT01', 6, N'Online', 300000.000),
    ('GD089', '0454', 'NV019', 'KH089', 'SP089', 'PT03', 8, N'Offline', 40000.000),
('GD090', '0855', 'NV010', 'KH090', 'SP090', 'PT03', 8, N'Offline', 45000.000),

 

    ('GD091', '0456', 'NV011', 'KH091', 'SP091', 'PT01', 5, N'Online', 225000.000),
    ('GD092', '0457', 'NV012', 'KH092', 'SP092', 'PT02', 7, N'Offline', 80000.000),
    ('GD093', '0458', 'NV013', 'KH093', 'SP093', 'PT01', 10, N'Online', 200000.000),
    ('GD094', '0459', 'NV014', 'KH094', 'SP094', 'PT03', 8, N'Offline', 35000.000),
    ('GD095', '0460', 'NV015', 'KH095', 'SP095', 'PT01', 9, N'Online', 105000.000),
    ('GD096', '0461', 'NV016', 'KH096', 'SP096', 'PT02', 7, N'Offline', 120000.000),
    ('GD097', '0462', 'NV017', 'KH097', 'SP097', 'PT01', 6, N'Online', 300000.000),
    ('GD098', '0463', 'NV018', 'KH098', 'SP098', 'PT03', 8, N'Offline', 40000.000),
    ('GD099', '0464', 'NV019', 'KH099', 'SP099', 'PT01', 9, N'Online', 135000.000),
    ('GD100', '0965', 'NV010', 'KH100', 'SP100', 'PT02', 7, N'Offline', 90000.000),
    ('GD101', '0466', 'NV011', 'KH101', 'SP101', 'PT01', 10, N'Online', 180000.000),
    ('GD102', '0467', 'NV012', 'KH102', 'SP102', 'PT03', 8, N'Offline', 50000.000),
    ('GD103', '0468', 'NV013', 'KH103', 'SP103', 'PT01', 5, N'Online', 250000.000),
    ('GD104', '0469', 'NV014', 'KH104', 'SP104', 'PT02', 7, N'Offline', 100000.000),
    ('GD105', '0470', 'NV015', 'KH105', 'SP105', 'PT01', 9, N'Online', 150000.000),
    ('GD106', '0471', 'NV016', 'KH106', 'SP106', 'PT03', 8, N'Offline', 60000.000),
    ('GD107', '0472', 'NV017', 'KH107', 'SP107', 'PT01', 6, N'Online', 300000.000),
    ('GD108', '0473', 'NV018', 'KH108', 'SP108', 'PT02', 7, N'Offline', 90000.000),
    ('GD109', '0474', 'NV019', 'KH109', 'SP109', 'PT01', 10, N'Online', 200000.000),
    ('GD110', '1075', 'NV010', 'KH110', 'SP110', 'PT03', 8, N'Offline', 45000.000),

    ('GD111', '0476', 'NV011', 'KH111', 'SP111', 'PT01', 5, N'Online', 225000.000),
    ('GD112', '0477', 'NV012', 'KH112', 'SP112', 'PT02', 7, N'Offline', 80000.000),
    ('GD113', '0478', 'NV013', 'KH113', 'SP113', 'PT01', 10, N'Online', 200000.000),
    ('GD114', '0479', 'NV014', 'KH114', 'SP114', 'PT03', 8, N'Offline', 35000.000),
    ('GD115', '0480', 'NV015', 'KH115', 'SP115', 'PT01', 9, N'Online', 105000.000),
    ('GD116', '0481', 'NV016', 'KH116', 'SP116', 'PT02', 7, N'Offline', 120000.000),
    ('GD117', '0482', 'NV017', 'KH117', 'SP117', 'PT01', 6, N'Online', 300000.000),
    ('GD118', '0483', 'NV018', 'KH118', 'SP118', 'PT03', 8, N'Offline', 40000.000),
('GD119', '0484', 'NV019', 'KH119', 'SP119', 'PT03', 8, N'Offline', 45000.000),
    ('GD120', '0485', 'NV032', 'KH120', 'SP120', 'PT01', 5, N'Online', 225000.000),
    ('GD121', '0532', 'NV001', 'KH111', 'SP121', 'PT02', 7, N'Offline', 80000.000),
    ('GD122', '0487', 'NV002', 'KH122', 'SP112', 'PT01', 10, N'Online', 200000.000),
    ('GD123', '0488', 'NV003', 'KH123', 'SP123', 'PT03', 8, N'Offline', 35000.000),
    ('GD124', '0489', 'NV004', 'KH124', 'SP124', 'PT01', 9, N'Online', 105000.000),
    ('GD125', '0490', 'NV005', 'KH125', 'SP125', 'PT02', 7, N'Offline', 120000.000),
    ('GD126', '0491', 'NV006', 'KH126', 'SP126', 'PT01', 6, N'Online', 300000.000),
    ('GD127', '0492', 'NV007', 'KH127', 'SP127', 'PT03', 8, N'Offline', 40000.000),
    ('GD128', '0493', 'NV008', 'KH128', 'SP128', 'PT01', 9, N'Online', 135000.000),
    ('GD129', '0494', 'NV009', 'KH129', 'SP129', 'PT02', 7, N'Offline', 90000.000),
    ('GD130', '0995', 'NV010', 'KH130', 'SP130', 'PT01', 10, N'Online', 180000.000),
    ('GD131', '0496', 'NV011', 'KH131', 'SP131', 'PT03', 8, N'Offline', 50000.000),
    ('GD132', '0497', 'NV012', 'KH132', 'SP132', 'PT01', 5, N'Online', 250000.000),
    ('GD133', '0498', 'NV013', 'KH133', 'SP133', 'PT02', 7, N'Offline', 100000.000),
    ('GD134', '0499', 'NV014', 'KH134', 'SP134', 'PT01', 9, N'Online', 150000.000),
    ('GD135', '0500', 'NV015', 'KH135', 'SP135', 'PT03', 8, N'Offline', 60000.000),
    ('GD136', '0501', 'NV016', 'KH136', 'SP136', 'PT01', 6, N'Online', 300000.000),
    ('GD137', '0502', 'NV017', 'KH137', 'SP137', 'PT02', 7, N'Offline', 90000.000),
    ('GD138', '0503', 'NV018', 'KH138', 'SP138', 'PT01', 10, N'Online', 200000.000),
    ('GD139', '0504', 'NV019', 'KH139', 'SP139', 'PT03', 8, N'Offline', 45000.000),
    ('GD140', '0505', 'NV020', 'KH140', 'SP140', 'PT01', 5, N'Online', 225000.000),
    ('GD141', '0506', 'NV021', 'KH141', 'SP141', 'PT02', 7, N'Offline', 80000.000),
    ('GD142', '0507', 'NV022', 'KH142', 'SP142', 'PT01', 10, N'Online', 200000.000),
    ('GD143', '0508', 'NV023', 'KH143', 'SP143', 'PT03', 8, N'Offline', 35000.000),
    ('GD144', '0509', 'NV024', 'KH144', 'SP144', 'PT01', 9, N'Online', 105000.000),
    ('GD145', '0510', 'NV025', 'KH145', 'SP145', 'PT02', 7, N'Offline', 120000.000),
    ('GD146', '0511', 'NV026', 'KH146', 'SP146', 'PT01', 6, N'Online', 300000.000),
    ('GD147', '0512', 'NV027', 'KH147', 'SP147', 'PT03', 8, N'Offline', 40000.000),

    ('GD148', '0513', 'NV028', 'KH148', 'SP148', 'PT03', 8, N'Offline', 45000.000),
    ('GD149', '0514', 'NV029', 'KH149', 'SP149', 'PT01', 5, N'Online', 225000.000),
    ('GD150', '0595', 'NV010', 'KH150', 'SP150', 'PT02', 7, N'Offline', 80000.000),
    ('GD151', '0516', 'NV011', 'KH151', 'SP151', 'PT01', 10, N'Online', 200000.000),
    ('GD152', '0517', 'NV012', 'KH152', 'SP152', 'PT03', 8, N'Offline', 35000.000),
    ('GD153', '0518', 'NV013', 'KH153', 'SP153', 'PT01', 9, N'Online', 105000.000),
    ('GD154', '0519', 'NV014', 'KH154', 'SP154', 'PT02', 7, N'Offline', 120000.000),
    ('GD155', '0520', 'NV015', 'KH155', 'SP155', 'PT01', 6, N'Online', 300000.000),
    ('GD156', '0521', 'NV016', 'KH156', 'SP156', 'PT03', 8, N'Offline', 40000.000),
    ('GD157', '0522', 'NV017', 'KH157', 'SP157', 'PT01', 9, N'Online', 135000.000),
    ('GD158', '0523', 'NV018', 'KH158', 'SP158', 'PT02', 7, N'Offline', 90000.000),
    ('GD159', '0524', 'NV019', 'KH159', 'SP159', 'PT01', 10, N'Online', 180000.000),
    ('GD160', '0525', 'NV020', 'KH160', 'SP160', 'PT03', 8, N'Offline', 50000.000),
    ('GD161', '0526', 'NV021', 'KH161', 'SP161', 'PT01', 5, N'Online', 250000.000),
    ('GD162', '0527', 'NV022', 'KH162', 'SP162', 'PT02', 7, N'Offline', 100000.000),
    ('GD163', '0528', 'NV023', 'KH163', 'SP163', 'PT01', 9, N'Online', 150000.000),
    ('GD164', '0529', 'NV024', 'KH164', 'SP164', 'PT03', 8, N'Offline', 60000.000),
    ('GD165', '0530', 'NV025', 'KH165', 'SP165', 'PT01', 6, N'Online', 300000.000),
    ('GD166', '0531', 'NV026', 'KH166', 'SP166', 'PT02', 7, N'Offline', 90000.000),
    ('GD167', '0532', 'NV027', 'KH167', 'SP167', 'PT01', 10, N'Online', 200000.000),
('GD168', '0533', 'NV028', 'KH168', 'SP168', 'PT03', 8, N'Offline', 45000.000),
    ('GD169', '0534', 'NV029', 'KH169', 'SP169', 'PT01', 5, N'Online', 225000.000),
    ('GD170', '0695', 'NV010', 'KH170', 'SP170', 'PT02', 7, N'Offline', 80000.000),
    ('GD171', '0536', 'NV011', 'KH171', 'SP171', 'PT01', 10, N'Online', 200000.000),
    ('GD172', '0537', 'NV012', 'KH172', 'SP172', 'PT03', 8, N'Offline', 35000.000),
    ('GD173', '0538', 'NV013', 'KH173', 'SP173', 'PT01', 9, N'Online', 105000.000),
    ('GD174', '0539', 'NV014', 'KH174', 'SP174', 'PT02', 7, N'Offline', 120000.000),
    ('GD175', '0540', 'NV015', 'KH175', 'SP175', 'PT01', 6, N'Online', 300000.000),
    ('GD176', '0541', 'NV016', 'KH176', 'SP176', 'PT02',8,N'Offline',84390),
   ('GD177', '0542', 'NV017', 'KH177', 'SP177', 'PT03', 8, N'Offline', 45000.000),
    ('GD178', '0543', 'NV018', 'KH178', 'SP178', 'PT01', 5, N'Online', 225000.000),
    ('GD179', '0544', 'NV019', 'KH179', 'SP179', 'PT02', 7, N'Offline', 80000.000),
    ('GD180', '0545', 'NV032', 'KH180', 'SP180', 'PT01', 10, N'Online', 200000.000),
   ('GD181', '0620', 'NV001', 'KH181', 'SP181', 'PT03', 8, N'Offline', 35000.000),
    ('GD182', '0547', 'NV002', 'KH182', 'SP182', 'PT01', 9, N'Online', 105000.000),
    ('GD183', '0548', 'NV003', 'KH173', 'SP183', 'PT02', 7, N'Offline', 120000.000),
    ('GD184', '0549', 'NV004', 'KH164', 'SP184', 'PT01', 6, N'Online', 300000.000),
    ('GD185', '0550', 'NV005', 'KH155', 'SP185', 'PT03', 8, N'Offline', 40000.000),
    ('GD186', '0551', 'NV006', 'KH146', 'SP186', 'PT01', 9, N'Online', 135000.000),
    ('GD187', '0552', 'NV007', 'KH137', 'SP187', 'PT02', 7, N'Offline', 90000.000),
    ('GD188', '0553', 'NV008', 'KH188', 'SP188', 'PT01', 10, N'Online', 180000.000),
    ('GD189', '0594', 'NV009', 'KH189', 'SP189', 'PT03', 8, N'Offline', 50000.000),
    ('GD190', '0955', 'NV001', 'KH190', 'SP130', 'PT01', 5, N'Online', 250000.000),
    ('GD191', '0556', 'NV011', 'KH191', 'SP191', 'PT02', 7, N'Offline', 100000.000),
    ('GD192', '0557', 'NV012', 'KH192', 'SP192', 'PT01', 9, N'Online', 150000.000),
    ('GD193', '0558', 'NV013', 'KH193', 'SP193', 'PT03', 8, N'Offline', 60000.000),
    ('GD194', '0559', 'NV014', 'KH194', 'SP194', 'PT01', 6, N'Online', 300000.000),
    ('GD195', '0560', 'NV015', 'KH195', 'SP195', 'PT02', 7, N'Offline', 90000.000),
    ('GD196', '0561', 'NV016', 'KH196', 'SP196', 'PT01', 10, N'Online', 200000.000),
    ('GD197', '0562', 'NV017', 'KH197', 'SP197', 'PT03', 8, N'Offline', 45000.000),
    ('GD198', '0563', 'NV018', 'KH198', 'SP198', 'PT01', 5, N'Online', 225000.000),
    ('GD199', '0564', 'NV019', 'KH199', 'SP199', 'PT02', 7, N'Offline', 80000.000),
    ('GD200', '0565', 'NV032', 'KH200', 'SP200', 'PT01', 10, N'Online', 200000.000),
    ('GD201', '0640', 'NV001', 'KH201', 'SP201', 'PT03', 8, N'Offline', 35000.000),
    ('GD202', '0667', 'NV002', 'KH202', 'SP122', 'PT01', 9, N'Online', 105000.000),
    ('GD203', '0668', 'NV003', 'KH203', 'SP203', 'PT02', 7, N'Offline', 120000.000),
    ('GD204', '0669', 'NV004', 'KH204', 'SP204', 'PT01', 6, N'Online', 300000.000),
    ('GD205', '0670', 'NV005', 'KH205', 'SP205', 'PT03', 8, N'Offline', 40000.000),
    ('GD206', '0671', 'NV006', 'KH206', 'SP206', 'PT03', 8, N'Offline', 45000.000),

  
 
    ('GD207', '0572', 'NV007', 'KH207', 'SP207', 'PT01', 5, N'Online', 225000.000),
    ('GD208', '0673', 'NV008', 'KH208', 'SP208', 'PT02', 7, N'Offline', 80000.000),
    ('GD209', '0694', 'NV009', 'KH209', 'SP209', 'PT01', 10, N'Online', 200000.000),
    ('GD210', '0575', 'NV010', 'KH210', 'SP210', 'PT03', 8, N'Offline', 35000.000),
    ('GD211', '0576', 'NV011', 'KH211', 'SP211', 'PT01', 9, N'Online', 105000.000),
    ('GD212', '0577', 'NV012', 'KH212', 'SP212', 'PT02', 7, N'Offline', 120000.000),
    ('GD213', '0578', 'NV013', 'KH213', 'SP213', 'PT01', 6, N'Online', 300000.000),
    ('GD214', '0579', 'NV014', 'KH214', 'SP214', 'PT03', 8, N'Offline', 40000.000),
    ('GD215', '0980', 'NV015', 'KH215', 'SP215', 'PT01', 9, N'Online', 135000.000),
    ('GD216', '0981', 'NV016', 'KH216', 'SP216', 'PT02', 7, N'Offline', 90000.000),
    ('GD217', '0982', 'NV017', 'KH217', 'SP217', 'PT01', 10, N'Online', 180000.000),
    ('GD218', '0983', 'NV018', 'KH218', 'SP218', 'PT03', 8, N'Offline', 50000.000),
    ('GD219', '0984', 'NV019', 'KH219', 'SP219', 'PT01', 5, N'Online', 250000.000),
    ('GD220', '0985', 'NV020', 'KH220', 'SP220', 'PT02', 7, N'Offline', 100000.000),
    ('GD221', '0986', 'NV021', 'KH221', 'SP221', 'PT01', 9, N'Online', 150000.000),
    ('GD222', '0987', 'NV022', 'KH222', 'SP222', 'PT03', 8, N'Offline', 60000.000),
    ('GD223', '0988', 'NV023', 'KH223', 'SP223', 'PT01', 6, N'Online', 300000.000),
    ('GD224', '0989', 'NV024', 'KH224', 'SP224', 'PT02', 7, N'Offline', 90000.000),
    ('GD225', '0990', 'NV025', 'KH225', 'SP225', 'PT01', 10, N'Online', 200000.000),
    ('GD226', '0991', 'NV026', 'KH226', 'SP226', 'PT03', 8, N'Offline', 45000.000),
    ('GD227', '0992', 'NV027', 'KH227', 'SP227', 'PT01', 5, N'Online', 225000.000),
    ('GD228', '0993', 'NV028', 'KH228', 'SP228', 'PT02', 7, N'Offline', 80000.000),
    ('GD229', '0994', 'NV029', 'KH229', 'SP229', 'PT01', 10, N'Online', 200000.000),
    ('GD230', '0995', 'NV010', 'KH230', 'SP230', 'PT03', 8, N'Offline', 35000.000),
    ('GD231', '0996', 'NV011', 'KH231', 'SP231', 'PT01', 9, N'Online', 105000.000),
    ('GD232', '0997', 'NV012', 'KH232', 'SP232', 'PT02', 7, N'Offline', 120000.000),
('GD233', '0998', 'NV013', 'KH233', 'SP233', 'PT01', 6, N'Online', 300000.000),
    ('GD234', '0999', 'NV014', 'KH234', 'SP234', 'PT03', 8, N'Offline', 40000.000),
('GD235', '0600', 'NV015', 'KH235', 'SP235', 'PT03', 8, N'Offline', 45000.000),
    ('GD236', '1001', 'NV016', 'KH236', 'SP236', 'PT01', 5, N'Online', 225000.000),
    ('GD237', '1002', 'NV017', 'KH237', 'SP237', 'PT02', 7, N'Offline', 80000.000),
    ('GD238', '1003', 'NV018', 'KH238', 'SP238', 'PT01', 10, N'Online', 200000.000),
    ('GD239', '1004', 'NV019', 'KH239', 'SP239', 'PT03', 8, N'Offline', 35000.000),
    ('GD240', '1005', 'NV031', 'KH240', 'SP240', 'PT01', 9, N'Online', 105000.000),
    ('GD241', '0810', 'NV001', 'KH241', 'SP241', 'PT02', 7, N'Offline', 120000.000),
  ('GD242', '0787', 'NV002', 'KH242', 'SP252', 'PT01', 6, N'Online', 300000.000),
    ('GD243', '0748', 'NV003', 'KH243', 'SP243', 'PT03', 8, N'Offline', 40000.000),
    ('GD244', '0909', 'NV004', 'KH244', 'SP089', 'PT01', 9, N'Online', 135000.000),
    ('GD245', '0810', 'NV005', 'KH245', 'SP245', 'PT02', 7, N'Offline', 90000.000),
    ('GD246', '0791', 'NV006', 'KH246', 'SP246', 'PT01', 10, N'Online', 180000.000),
    ('GD247', '0692', 'NV007', 'KH247', 'SP247', 'PT03', 8, N'Offline', 50000.000),
    ('GD248', '0713', 'NV008', 'KH247', 'SP248', 'PT01', 5, N'Online', 250000.000),
    ('GD249', '0794', 'NV009', 'KH239', 'SP249', 'PT02', 7, N'Offline', 100000.000),
    ('GD250', '1015', 'NV031', 'KH220', 'SP250', 'PT01', 9, N'Online', 150000.000),
    ('GD251', '0880', 'NV001', 'KH211', 'SP251', 'PT03', 8, N'Offline', 60000.000),
    ('GD252', '0910', 'NV002', 'KH202', 'SP212', 'PT01', 6, N'Online', 300000.000),
    ('GD253', '0888', 'NV003', 'KH253', 'SP253', 'PT02', 7, N'Offline', 90000.000),
    ('GD254', '0619', 'NV004', 'KH110', 'SP094', 'PT01', 10, N'Online', 200000.000),
    ('GD255', '0920', 'NV005', 'KH255', 'SP255', 'PT03', 8, N'Offline', 45000.000),
    ('GD256', '1010', 'NV006', 'KH256', 'SP256', 'PT01', 5, N'Online', 225000.000),
    ('GD257', '0722', 'NV007', 'KH257', 'SP257', 'PT02', 7, N'Offline', 80000.000),
    ('GD258', '0823', 'NV008', 'KH258', 'SP258', 'PT01', 10, N'Online', 200000.000),
    ('GD259', '0894', 'NV009', 'KH259', 'SP259', 'PT03', 8, N'Offline', 35000.000),
    ('GD260', '1025', 'NV010', 'KH260', 'SP260', 'PT01', 9, N'Online', 105000.000),
    ('GD261', '1026', 'NV011', 'KH261', 'SP261', 'PT02', 7, N'Offline', 120000.000),
    ('GD262', '1027', 'NV012', 'KH262', 'SP262', 'PT01', 6, N'Online', 300000.000),
    ('GD263', '1028', 'NV013', 'KH263', 'SP263', 'PT03', 8, N'Offline', 40000.000),
 ('GD264', '1029', 'NV014', 'KH264', 'SP264', 'PT03', 8, N'Offline', 45000.000),
    ('GD265', '1030', 'NV015', 'KH265', 'SP265', 'PT01', 5, N'Online', 225000.000),
    ('GD266', '1031', 'NV016', 'KH266', 'SP266', 'PT02', 7, N'Offline', 80000.000),
    ('GD267', '1032', 'NV017', 'KH267', 'SP267', 'PT01', 10, N'Online', 200000.000),

  
    ('GD268', '1033', 'NV018', 'KH268', 'SP268', 'PT03', 8, N'Offline', 35000.000),
    ('GD269', '1034', 'NV019', 'KH269', 'SP269', 'PT01', 9, N'Online', 105000.000),
    ('GD270', '1035', 'NV020', 'KH270', 'SP270', 'PT02', 7, N'Offline', 120000.000),
    ('GD271', '1036', 'NV021', 'KH271', 'SP271', 'PT01', 6, N'Online', 300000.000),
    ('GD272', '1037', 'NV022', 'KH272', 'SP272', 'PT03', 8, N'Offline', 40000.000),
    ('GD273', '1038', 'NV023', 'KH273', 'SP273', 'PT01', 9, N'Online', 135000.000),
    ('GD274', '1039', 'NV024', 'KH274', 'SP274', 'PT02', 7, N'Offline', 90000.000),
    ('GD275', '1040', 'NV025', 'KH275', 'SP275', 'PT01', 10, N'Online', 180000.000),
    ('GD276', '1041', 'NV026', 'KH276', 'SP276', 'PT03', 8, N'Offline', 50000.000),
    ('GD277', '1042', 'NV027', 'KH277', 'SP277', 'PT01', 5, N'Online', 250000.000),
    ('GD278', '1043', 'NV028', 'KH278', 'SP278', 'PT02', 7, N'Offline', 100000.000),
    ('GD279', '1044', 'NV029', 'KH279', 'SP279', 'PT01', 9, N'Online', 150000.000),
  ('GD280', '1045', 'NV031', 'KH280', 'SP280', 'PT03', 8, N'Offline', 60000.000),
    ('GD911', '0646', 'NV001', 'KH281', 'SP281', 'PT01', 6, N'Online', 300000.000),
    ('GD282', '1087', 'NV002', 'KH282', 'SP282', 'PT02', 7, N'Offline', 90000.000),
    ('GD283', '0998', 'NV003', 'KH282', 'SP283', 'PT01', 10, N'Online', 200000.000),
    ('GD284', '0649', 'NV004', 'KH284', 'SP284', 'PT03', 8, N'Offline', 45000.000),
    ('GD285', '0150', 'NV005', 'KH285', 'SP285', 'PT01', 5, N'Online', 225000.000),
    ('GD286', '0451', 'NV006', 'KH286', 'SP286', 'PT02', 7, N'Offline', 80000.000),
    ('GD287', '0852', 'NV007', 'KH287', 'SP287', 'PT01', 10, N'Online', 200000.000),
    ('GD288', '0953', 'NV008', 'KH288', 'SP008', 'PT03', 8, N'Offline', 35000.000),
    ('GD289', '0994', 'NV009', 'KH289', 'SP289', 'PT01', 9, N'Online', 105000.000),
    ('GD290', '0655', 'NV001', 'KH290', 'SP190', 'PT02', 7, N'Offline', 120000.000),
    ('GD291', '0656', 'NV011', 'KH291', 'SP291', 'PT01', 6, N'Online', 300000.000),
    ('GD292', '0657', 'NV012', 'KH292', 'SP292', 'PT03', 8, N'Offline', 40000.000),
  ('GD293', '0658', 'NV013', 'KH293', 'SP293', 'PT03', 8, N'Offline', 45000.000),
    ('GD294', '0659', 'NV014', 'KH294', 'SP294', 'PT01', 5, N'Online', 225000.000),
    ('GD295', '0660', 'NV015', 'KH295', 'SP295', 'PT02', 7, N'Offline', 80000.000),
    ('GD296', '0661', 'NV016', 'KH296', 'SP296', 'PT01', 10, N'Online', 200000.000),
 ('GD297', '0662', 'NV017', 'KH297', 'SP297', 'PT03', 8, N'Offline', 35000.000),
    ('GD298', '0663', 'NV018', 'KH298', 'SP298', 'PT01', 9, N'Online', 105000.000),
    ('GD299', '0664', 'NV019', 'KH299', 'SP299', 'PT02', 7, N'Offline', 120000.000),
    ('GD300', '0665', 'NV020', 'KH300', 'SP200', 'PT01', 6, N'Online', 300000.000),
    ('GD301', '0666', 'NV021', 'KH001', 'SP201', 'PT03', 8, N'Offline', 40000.000),
    ('GD302', '0667', 'NV022', 'KH002', 'SP202', 'PT01', 9, N'Online', 135000.000),
    ('GD303', '0668', 'NV023', 'KH003', 'SP203', 'PT02', 7, N'Offline', 90000.000),
    ('GD304', '0669', 'NV024', 'KH004', 'SP204', 'PT01', 10, N'Online', 180000.000),
    ('GD305', '0670', 'NV025', 'KH005', 'SP205', 'PT03', 8, N'Offline', 50000.000),
    ('GD306', '0671', 'NV026', 'KH006', 'SP206', 'PT01', 5, N'Online', 250000.000),
    ('GD307', '0672', 'NV027', 'KH007', 'SP207', 'PT02', 7, N'Offline', 100000.000),
    ('GD308', '0673', 'NV028', 'KH008', 'SP208', 'PT01', 9, N'Online', 150000.000),
    ('GD309', '0674', 'NV029', 'KH009', 'SP209', 'PT03', 8, N'Offline', 60000.000),
    ('GD310', '0675', 'NV031', 'KH010', 'SP210', 'PT01', 6, N'Online', 300000.000),
    ('GD311', '1080', 'NV001', 'KH011', 'SP211', 'PT02', 7, N'Offline', 90000.000),
    ('GD312', '0745', 'NV002', 'KH012', 'SP212', 'PT01', 10, N'Online', 200000.000),
    ('GD313', '1081', 'NV003', 'KH013', 'SP213', 'PT03', 8, N'Offline', 45000.000),
    ('GD314', '0679', 'NV004', 'KH014', 'SP201', 'PT01', 5, N'Online', 225000.000),
    ('GD315', '0680', 'NV005', 'KH015', 'SP215', 'PT02', 7, N'Offline', 80000.000),
    ('GD316', '0481', 'NV006', 'KH016', 'SP216', 'PT01', 10, N'Online', 200000.000),
    ('GD317', '0982', 'NV007', 'KH017', 'SP217', 'PT03', 8, N'Offline', 35000.000),
    ('GD318', '1083', 'NV008', 'KH018', 'SP218', 'PT01', 9, N'Online', 105000.000),
    ('GD319', '1084', 'NV009', 'KH019', 'SP219', 'PT02', 7, N'Offline', 120000.000),
    ('GD320', '0685', 'NV010', 'KH020', 'SP220', 'PT01', 6, N'Online', 300000.000),
  ('GD321', '0686', 'NV011', 'KH021', 'SP221', 'PT03', 8, N'Offline', 40000.000),
 ('GD322', '0687', 'NV012', 'KH022', 'SP222', 'PT03', 8, N'Offline', 45000.000),
    ('GD323', '0688', 'NV013', 'KH023', 'SP223', 'PT01', 5, N'Online', 225000.000),
    ('GD324', '0689', 'NV014', 'KH024', 'SP224', 'PT02', 7, N'Offline', 80000.000),
    ('GD325', '0690', 'NV015', 'KH025', 'SP225', 'PT01', 10, N'Online', 200000.000),
    ('GD326', '0691', 'NV016', 'KH026', 'SP226', 'PT03', 8, N'Offline', 35000.000),
    ('GD327', '0692', 'NV017', 'KH027', 'SP227', 'PT01', 9, N'Online', 105000.000),
    ('GD328', '0693', 'NV018', 'KH028', 'SP228', 'PT02', 7, N'Offline', 120000.000),
    ('GD329', '0694', 'NV019', 'KH029', 'SP229', 'PT01', 6, N'Online', 300000.000),
    ('GD330', '0695', 'NV020', 'KH030', 'SP230', 'PT03', 8, N'Offline', 40000.000),
    ('GD331', '0696', 'NV021', 'KH031', 'SP231', 'PT01', 9, N'Online', 135000.000),
    ('GD332', '0697', 'NV022', 'KH032', 'SP232', 'PT02', 7, N'Offline', 90000.000),
    ('GD333', '0698', 'NV023', 'KH033', 'SP233', 'PT01', 10, N'Online', 180000.000),
    ('GD334', '0699', 'NV024', 'KH034', 'SP234', 'PT03', 8, N'Offline', 50000.000),
    ('GD335', '0700', 'NV025', 'KH035', 'SP235', 'PT01', 5, N'Online', 250000.000),
    ('GD336', '0701', 'NV026', 'KH036', 'SP236', 'PT02', 7, N'Offline', 100000.000),
    ('GD337', '0702', 'NV027', 'KH037', 'SP237', 'PT01', 9, N'Online', 150000.000),
    ('GD338', '0703', 'NV028', 'KH038', 'SP238', 'PT03', 8, N'Offline', 60000.000),
    ('GD339', '0704', 'NV029', 'KH039', 'SP239', 'PT01', 6, N'Online', 300000.000),
    ('GD340', '0705', 'NV030', 'KH040', 'SP240', 'PT02', 7, N'Offline', 90000.000),
    ('GD341', '0706', 'NV001', 'KH041', 'SP041', 'PT01', 10, N'Online', 200000.000),
  ('GD342', '0907', 'NV002', 'KH122', 'SP202', 'PT03', 8, N'Offline', 45000.000),
    ('GD343', '0708', 'NV003', 'KH043', 'SP243', 'PT01', 5, N'Online', 225000.000),
    ('GD344', '0709', 'NV004', 'KH044', 'SP144', 'PT02', 7, N'Offline', 80000.000),
    ('GD345', '0890', 'NV005', 'KH045', 'SP145', 'PT01', 10, N'Online', 200000.000),
    ('GD346', '0916', 'NV006', 'KH046', 'SP146', 'PT03', 8, N'Offline', 35000.000),
    ('GD347', '1012', 'NV007', 'KH047', 'SP147', 'PT01', 9, N'Online', 105000.000),
    ('GD348', '1013', 'NV008', 'KH048', 'SP118', 'PT02', 7, N'Offline', 120000.000),
    ('GD349', '1014', 'NV009', 'KH049', 'SP149', 'PT01', 6, N'Online', 300000.000),
    ('GD350', '0715', 'NV001', 'KH050', 'SP250', 'PT03', 8, N'Offline', 40000.000),
 ('GD351', '0716', 'NV011', 'KH051', 'SP151', 'PT03', 8, N'Offline', 45000.000),
    ('GD352', '0717', 'NV012', 'KH052', 'SP152', 'PT01', 5, N'Online', 225000.000),
    ('GD353', '0718', 'NV013', 'KH053', 'SP153', 'PT02', 7, N'Offline', 80000.000),
    ('GD354', '0719', 'NV014', 'KH054', 'SP154', 'PT01', 10, N'Online', 200000.000),
    ('GD355', '0720', 'NV015', 'KH055', 'SP155', 'PT03', 8, N'Offline', 35000.000),
    ('GD356', '0721', 'NV016', 'KH056', 'SP156', 'PT01', 9, N'Online', 105000.000),
    ('GD357', '0722', 'NV017', 'KH057', 'SP157', 'PT02', 7, N'Offline', 120000.000),
    ('GD358', '0723', 'NV018', 'KH058', 'SP258', 'PT01', 6, N'Online', 300000.000),
    ('GD359', '0724', 'NV019', 'KH059', 'SP259', 'PT03', 8, N'Offline', 40000.000),
    ('GD360', '0725', 'NV020', 'KH060', 'SP260', 'PT01', 9, N'Online', 135000.000),
    ('GD361', '0726', 'NV021', 'KH061', 'SP261', 'PT02', 7, N'Offline', 90000.000),
    ('GD362', '0727', 'NV022', 'KH062', 'SP262', 'PT01', 10, N'Online', 180000.000),
    ('GD363', '0728', 'NV023', 'KH063', 'SP263', 'PT03', 8, N'Offline', 50000.000),
    ('GD364', '0729', 'NV024', 'KH064', 'SP264', 'PT01', 5, N'Online', 250000.000),
    ('GD365', '0730', 'NV025', 'KH065', 'SP265', 'PT02', 7, N'Offline', 100000.000),
    ('GD366', '0731', 'NV026', 'KH066', 'SP266', 'PT01', 9, N'Online', 150000.000),
    ('GD367', '0732', 'NV027', 'KH067', 'SP267', 'PT03', 8, N'Offline', 60000.000),
    ('GD368', '0733', 'NV028', 'KH068', 'SP268', 'PT01', 6, N'Online', 300000.000),
    ('GD369', '0734', 'NV029', 'KH069', 'SP269', 'PT02', 7, N'Offline', 90000.000),
('GD370', '0735', 'NV020', 'KH070', 'SP270', 'PT01', 10, N'Online', 200000.000),
    ('GD371', '0736', 'NV021', 'KH071', 'SP271', 'PT03', 8, N'Offline', 45000.000),
    ('GD372', '0737', 'NV022', 'KH072', 'SP272', 'PT01', 5, N'Online', 225000.000),
    ('GD373', '0738', 'NV023', 'KH073', 'SP273', 'PT02', 7, N'Offline', 80000.000),
    ('GD374', '0739', 'NV024', 'KH074', 'SP274', 'PT01', 10, N'Online', 200000.000),
    ('GD375', '0740', 'NV025', 'KH075', 'SP275', 'PT03', 8, N'Offline', 35000.000),
    ('GD376', '0741', 'NV026', 'KH076', 'SP276', 'PT01', 9, N'Online', 105000.000),
    ('GD377', '0742', 'NV027', 'KH077', 'SP277', 'PT02', 7, N'Offline', 120000.000),
    ('GD378', '0743', 'NV028', 'KH078', 'SP278', 'PT01', 6, N'Online', 300000.000),
    ('GD379', '0744', 'NV029', 'KH079', 'SP279', 'PT03', 8, N'Offline', 40000.000),
('GD380', '0745', 'NV010', 'KH080', 'SP280', 'PT03', 8, N'Offline', 45000.000),
    ('GD381', '0746', 'NV011', 'KH081', 'SP281', 'PT01', 5, N'Online', 225000.000),
    ('GD382', '0747', 'NV012', 'KH082', 'SP282', 'PT02', 7, N'Offline', 80000.000),
    ('GD383', '0748', 'NV013', 'KH083', 'SP283', 'PT01', 10, N'Online', 200000.000),
    ('GD384', '0749', 'NV014', 'KH084', 'SP284', 'PT03', 8, N'Offline', 35000.000),
    ('GD385', '0750', 'NV015', 'KH085', 'SP285', 'PT01', 9, N'Online', 105000.000),
    ('GD386', '0751', 'NV016', 'KH086', 'SP286', 'PT02', 7, N'Offline', 120000.000),
    ('GD387', '0752', 'NV017', 'KH087', 'SP287', 'PT01', 6, N'Online', 300000.000),
    ('GD388', '0753', 'NV018', 'KH088', 'SP288', 'PT03', 8, N'Offline', 40000.000),
    ('GD389', '0754', 'NV019', 'KH089', 'SP289', 'PT01', 9, N'Online', 135000.000),
    ('GD390', '0755', 'NV020', 'KH090', 'SP290', 'PT02', 7, N'Offline', 90000.000),
    ('GD391', '0756', 'NV021', 'KH091', 'SP291', 'PT01', 10, N'Online', 180000.000),
    ('GD392', '0757', 'NV022', 'KH092', 'SP292', 'PT03', 8, N'Offline', 50000.000),
    ('GD393', '0758', 'NV023', 'KH093', 'SP293', 'PT01', 5, N'Online', 250000.000),
    ('GD394', '0759', 'NV024', 'KH094', 'SP294', 'PT02', 7, N'Offline', 100000.000),
    ('GD395', '0760', 'NV025', 'KH095', 'SP295', 'PT01', 9, N'Online', 150000.000),
    ('GD396', '0761', 'NV026', 'KH096', 'SP296', 'PT03', 8, N'Offline', 60000.000),
    ('GD397', '0762', 'NV027', 'KH097', 'SP297', 'PT01', 6, N'Online', 300000.000),
    ('GD398', '0763', 'NV028', 'KH098', 'SP298', 'PT02', 7, N'Offline', 90000.000),
    ('GD399', '0764', 'NV029', 'KH099', 'SP299', 'PT01', 10, N'Online', 200000.000),
    ('GD400', '0765', 'NV030', 'KH100', 'SP100', 'PT03', 8, N'Offline', 45000.000),
    ('GD401', '0966', 'NV001', 'KH101', 'SP001', 'PT01', 5, N'Online', 225000.000),
    ('GD402', '0867', 'NV002', 'KH102', 'SP002', 'PT02', 7, N'Offline', 80000.000),
    ('GD403', '0768', 'NV003', 'KH103', 'SP003', 'PT01', 10, N'Online', 200000.000),
    ('GD404', '0769', 'NV004', 'KH104', 'SP004', 'PT03', 8, N'Offline', 35000.000),
    ('GD405', '0170', 'NV005', 'KH105', 'SP005', 'PT01', 9, N'Online', 105000.000),
    ('GD406', '0771', 'NV006', 'KH106', 'SP006', 'PT02', 7, N'Offline', 120000.000),
    ('GD407', '0792', 'NV007', 'KH107', 'SP007', 'PT01', 6, N'Online', 300000.000),
    ('GD408', '0873', 'NV008', 'KH108', 'SP008', 'PT03', 8, N'Offline', 40000.000),
 ('GD409', '1004', 'NV009', 'KH109', 'SP009', 'PT03', 8, N'Offline', 45000.000),
    ('GD410', '0775', 'NV002', 'KH110', 'SP110', 'PT01', 5, N'Online', 225000.000),
    ('GD411', '0776', 'NV011', 'KH111', 'SP011', 'PT02', 7, N'Offline', 80000.000),
    ('GD412', '0777', 'NV012', 'KH112', 'SP012', 'PT01', 10, N'Online', 200000.000),
    ('GD413', '0778', 'NV013', 'KH113', 'SP013', 'PT03', 8, N'Offline', 35000.000),
    ('GD414', '0779', 'NV014', 'KH114', 'SP014', 'PT01', 9, N'Online', 105000.000),
    ('GD415', '0780', 'NV015', 'KH115', 'SP015', 'PT02', 7, N'Offline', 120000.000),
    ('GD416', '0781', 'NV016', 'KH116', 'SP016', 'PT01', 6, N'Online', 300000.000),
    ('GD417', '0782', 'NV017', 'KH117', 'SP017', 'PT03', 8, N'Offline', 40000.000),
    ('GD418', '0783', 'NV018', 'KH118', 'SP018', 'PT01', 9, N'Online', 135000.000),
    ('GD419', '0784', 'NV019', 'KH119', 'SP019', 'PT02', 7, N'Offline', 90000.000),
    ('GD420', '0785', 'NV020', 'KH120', 'SP020', 'PT01', 10, N'Online', 180000.000),
    ('GD421', '0786', 'NV021', 'KH121', 'SP021', 'PT03', 8, N'Offline', 50000.000),
    ('GD422', '0787', 'NV022', 'KH122', 'SP022', 'PT01', 5, N'Online', 250000.000),
    ('GD423', '0788', 'NV023', 'KH123', 'SP023', 'PT02', 7, N'Offline', 100000.000),
    ('GD424', '0789', 'NV024', 'KH124', 'SP024', 'PT01', 9, N'Online', 150000.000),
    ('GD425', '0790', 'NV025', 'KH125', 'SP025', 'PT03', 8, N'Offline', 60000.000),
    ('GD426', '0791', 'NV026', 'KH126', 'SP026', 'PT01', 6, N'Online', 300000.000),
    ('GD427', '0792', 'NV027', 'KH127', 'SP027', 'PT02', 7, N'Offline', 90000.000),
    ('GD428', '0793', 'NV028', 'KH128', 'SP028', 'PT01', 10, N'Online', 200000.000),
    ('GD429', '0794', 'NV029', 'KH129', 'SP029', 'PT03', 8, N'Offline', 45000.000),
    ('GD430', '0795', 'NV030', 'KH130', 'SP030', 'PT01', 5, N'Online', 225000.000),
    ('GD431', '0996', 'NV001', 'KH131', 'SP131', 'PT02', 7, N'Offline', 80000.000),
    ('GD432', '1007', 'NV002', 'KH132', 'SP032', 'PT01', 10, N'Online', 200000.000),
    ('GD433', '0798', 'NV003', 'KH133', 'SP033', 'PT03', 8, N'Offline', 35000.000),
    ('GD434', '0799', 'NV004', 'KH134', 'SP234', 'PT01', 9, N'Online', 105000.000),
    ('GD435', '0900', 'NV005', 'KH135', 'SP035', 'PT02', 7, N'Offline', 120000.000),
    ('GD436', '0831', 'NV006', 'KH136', 'SP036', 'PT01', 6, N'Online', 300000.000),
    ('GD437', '0902', 'NV007', 'KH137', 'SP037', 'PT03', 8, N'Offline', 40000.000),
 ('GD438', '1003', 'NV008', 'KH138', 'SP128', 'PT03', 8, N'Offline', 45000.000),
    ('GD439', '0804', 'NV009', 'KH139', 'SP039', 'PT01', 5, N'Online', 225000.000),

    ('GD440', '0805', 'NV010', 'KH140', 'SP040', 'PT02', 7, N'Offline', 80000.000),
    ('GD441', '0806', 'NV011', 'KH141', 'SP041', 'PT01', 10, N'Online', 200000.000),
    ('GD442', '0807', 'NV012', 'KH142', 'SP042', 'PT03', 8, N'Offline', 35000.000),
    ('GD443', '0808', 'NV013', 'KH143', 'SP043', 'PT01', 9, N'Online', 105000.000),
    ('GD444', '0809', 'NV014', 'KH144', 'SP044', 'PT02', 7, N'Offline', 120000.000),
    ('GD445', '0810', 'NV015', 'KH145', 'SP045', 'PT01', 6, N'Online', 300000.000),
    ('GD446', '0811', 'NV016', 'KH146', 'SP046', 'PT03', 8, N'Offline', 40000.000),
    ('GD447', '0812', 'NV017', 'KH147', 'SP047', 'PT01', 9, N'Online', 135000.000),
    ('GD448', '0813', 'NV018', 'KH148', 'SP048', 'PT02', 7, N'Offline', 90000.000),
    ('GD449', '0814', 'NV019', 'KH149', 'SP049', 'PT01', 10, N'Online', 180000.000),
    ('GD450', '0815', 'NV020', 'KH150', 'SP050', 'PT03', 8, N'Offline', 50000.000),
    ('GD451', '0816', 'NV021', 'KH151', 'SP051', 'PT01', 5, N'Online', 250000.000),
    ('GD452', '0817', 'NV022', 'KH152', 'SP052', 'PT02', 7, N'Offline', 100000.000),
    ('GD453', '0818', 'NV023', 'KH153', 'SP053', 'PT01', 9, N'Online', 150000.000),
    ('GD454', '0819', 'NV024', 'KH154', 'SP054', 'PT03', 8, N'Offline', 60000.000),
    ('GD455', '0820', 'NV025', 'KH155', 'SP055', 'PT01', 6, N'Online', 300000.000),
    ('GD456', '0821', 'NV026', 'KH156', 'SP056', 'PT02', 7, N'Offline', 90000.000),
    ('GD457', '0822', 'NV027', 'KH157', 'SP057', 'PT01', 10, N'Online', 200000.000),
    ('GD458', '0823', 'NV028', 'KH158', 'SP058', 'PT03', 8, N'Offline', 45000.000),
    ('GD459', '0824', 'NV029', 'KH159', 'SP059', 'PT01', 5, N'Online', 225000.000),
    ('GD460', '0825', 'NV030', 'KH160', 'SP060', 'PT02', 7, N'Offline', 80000.000),
    ('GD461', '1009', 'NV001', 'KH161', 'SP061', 'PT01', 10, N'Online', 200000.000),
    ('GD462', '0417', 'NV002', 'KH162', 'SP162', 'PT03', 8, N'Offline', 35000.000),
    ('GD463', '0828', 'NV003', 'KH163', 'SP063', 'PT01', 9, N'Online', 105000.000),
    ('GD464', '0829', 'NV004', 'KH164', 'SP064', 'PT02', 7, N'Offline', 120000.000),
    ('GD465', '0730', 'NV005', 'KH165', 'SP065', 'PT01', 6, N'Online', 300000.000),
    ('GD466', '0931', 'NV006', 'KH166', 'SP066', 'PT03', 8, N'Offline', 40000.000),
('GD467', '0832', 'NV007', 'KH167', 'SP067', 'PT03', 8, N'Offline', 45000.000),
    ('GD468', '0833', 'NV008', 'KH168', 'SP068', 'PT01', 5, N'Online', 225000.000),
    ('GD469', '0834', 'NV009', 'KH169', 'SP069', 'PT02', 7, N'Offline', 80000.000),
    ('GD470', '0835', 'NV002', 'KH170', 'SP070', 'PT01', 10, N'Online', 200000.000),
    ('GD471', '0836', 'NV011', 'KH171', 'SP071', 'PT03', 8, N'Offline', 35000.000),
    ('GD472', '0837', 'NV012', 'KH172', 'SP072', 'PT01', 9, N'Online', 105000.000),
    ('GD473', '0838', 'NV013', 'KH173', 'SP073', 'PT02', 7, N'Offline', 120000.000),
    ('GD474', '0839', 'NV014', 'KH174', 'SP074', 'PT01', 6, N'Online', 300000.000),
    ('GD475', '0840', 'NV015', 'KH175', 'SP075', 'PT03', 8, N'Offline', 40000.000),
    ('GD476', '0841', 'NV016', 'KH176', 'SP076', 'PT01', 9, N'Online', 135000.000),
  ('GD477', '0842', 'NV017', 'KH177', 'SP077', 'PT02', 7, N'Offline', 90000.000),
    ('GD478', '0843', 'NV018', 'KH178', 'SP078', 'PT01', 10, N'Online', 180000.000),
    ('GD479', '0844', 'NV019', 'KH179', 'SP079', 'PT03', 8, N'Offline', 50000.000),
    ('GD480', '0845', 'NV020', 'KH180', 'SP080', 'PT01', 5, N'Online', 250000.000),
    ('GD481', '0846', 'NV021', 'KH181', 'SP081', 'PT02', 7, N'Offline', 100000.000),
 ('GD482', '0847', 'NV022', 'KH182', 'SP082', 'PT01', 9, N'Online', 150000.000),
    ('GD483', '0848', 'NV023', 'KH173', 'SP083', 'PT03', 8, N'Offline', 60000.000),
    ('GD484', '0849', 'NV024', 'KH164', 'SP084', 'PT01', 6, N'Online', 300000.000),
    ('GD485', '0850', 'NV025', 'KH155', 'SP085', 'PT02', 7, N'Offline', 90000.000),
    ('GD486', '0851', 'NV026', 'KH146', 'SP086', 'PT01', 10, N'Online', 200000.000),
    ('GD487', '0852', 'NV027', 'KH137', 'SP087', 'PT03', 8, N'Offline', 45000.000),
    ('GD488', '0853', 'NV028', 'KH188', 'SP088', 'PT01', 5, N'Online', 225000.000),
    ('GD489', '0854', 'NV029', 'KH189', 'SP089', 'PT02', 7, N'Offline', 80000.000),
    ('GD490', '0855', 'NV030', 'KH190', 'SP090', 'PT01', 10, N'Online', 200000.000),
    ('GD491', '0856', 'NV001', 'KH191', 'SP091', 'PT03', 8, N'Offline', 35000.000),
    ('GD492', '0857', 'NV002', 'KH192', 'SP082', 'PT01', 9, N'Online', 105000.000),
    ('GD493', '0858', 'NV003', 'KH193', 'SP093', 'PT02', 7, N'Offline', 120000.000),
    ('GD494', '0859', 'NV004', 'KH194', 'SP094', 'PT01', 6, N'Online', 300000.000),
    ('GD495', '0860', 'NV005', 'KH195', 'SP095', 'PT03', 8, N'Offline', 40000.000),
('GD496', '1061', 'NV006', 'KH196', 'SP096', 'PT03', 8, N'Offline', 45000.000),
    ('GD497', '0862', 'NV007', 'KH197', 'SP097', 'PT01', 5, N'Online', 225000.000),
    ('GD498', '0763', 'NV008', 'KH198', 'SP098', 'PT02', 7, N'Offline', 80000.000),
    ('GD499', '0864', 'NV009', 'KH199', 'SP099', 'PT01', 10, N'Online', 200000.000),
    ('GD500', '0865', 'NV005', 'KH200', 'SP100', 'PT03', 8, N'Offline', 35000.000),


--------
    ('GD0501', '0366', 'NV033', 'KH033', 'SP001', 'PT01', 5, N'Offline', 75000.000),
    ('GD0502', '0367', 'NV034', 'KH034', 'SP002', 'PT02', 8, N'Online', 120000.000),
    ('GD0503', '0368', 'NV035', 'KH035', 'SP003', 'PT03', 6, N'Offline', 90000.000),
    ('GD0504', '0369', 'NV036', 'KH036', 'SP004', 'PT04', 9, N'Online', 135000.000),
    ('GD0505', '0370', 'NV037', 'KH037', 'SP005', 'PT05', 4, N'Offline', 80000.000),
    ('GD0506', '0371', 'NV038', 'KH038', 'SP006', 'PT01', 7, N'Online', 105000.000),
    ('GD0507', '0372', 'NV039', 'KH039', 'SP007', 'PT02', 10, N'Offline', 200000.000),
    ('GD0508', '0373', 'NV040', 'KH040', 'SP008', 'PT03', 3, N'Online', 45000.000),
    ('GD0509', '0374', 'NV041', 'KH041', 'SP009', 'PT04', 6, N'Offline', 90000.000),
    ('GD0510', '0375', 'NV042', 'KH042', 'SP010', 'PT05', 8, N'Online', 120000.000),
    ('GD0511', '0376', 'NV043', 'KH043', 'SP011', 'PT01', 2, N'Offline', 30000.000),
    ('GD0512', '0377', 'NV044', 'KH044', 'SP012', 'PT02', 5, N'Online', 75000.000),
    ('GD0513', '0378', 'NV045', 'KH045', 'SP013', 'PT03', 7, N'Offline', 105000.000),
    ('GD0514', '0379', 'NV046', 'KH046', 'SP014', 'PT04', 9, N'Online', 135000.000),
    ('GD0515', '0380', 'NV047', 'KH047', 'SP015', 'PT05', 4, N'Offline', 60000.000),
    ('GD0516', '0381', 'NV048', 'KH048', 'SP016', 'PT01', 6, N'Online', 90000.000),
    ('GD0517', '0382', 'NV049', 'KH049', 'SP017', 'PT02', 8, N'Offline', 120000.000),
    ('GD0518', '0383', 'NV050', 'KH050', 'SP018', 'PT03', 3, N'Online', 45000.000),
    ('GD0519', '0384', 'NV051', 'KH051', 'SP019', 'PT04', 5, N'Offline', 75000.000),
    ('GD0520', '0385', 'NV052', 'KH052', 'SP020', 'PT05', 10, N'Online', 150000.000),
    ('GD0521', '0386', 'NV053', 'KH053', 'SP021', 'PT01', 2, N'Offline', 30000.000),
    ('GD0522', '0387', 'NV054', 'KH054', 'SP022', 'PT02', 7, N'Online', 105000.000),
    ('GD0523', '0388', 'NV055', 'KH055', 'SP023', 'PT03', 9, N'Offline', 135000.000),
    ('GD0524', '0389', 'NV056', 'KH056', 'SP024', 'PT04', 4, N'Online', 60000.000),
    ('GD0525', '0390', 'NV057', 'KH057', 'SP025', 'PT05', 6, N'Offline', 90000.000),
    ('GD0526', '0391', 'NV058', 'KH058', 'SP026', 'PT01', 8, N'Online', 120000.000),
    ('GD0527', '0392', 'NV059', 'KH059', 'SP027', 'PT02', 3, N'Offline', 45000.000),
    ('GD0528', '0393', 'NV060', 'KH060', 'SP028', 'PT03', 5, N'Online', 75000.000),
    ('GD0529', '0394', 'NV061', 'KH061', 'SP029', 'PT04', 7, N'Offline', 105000.000),
    ('GD0530', '0395', 'NV062', 'KH062', 'SP030', 'PT05', 9, N'Online', 135000.000),
    ('GD0531', '0396', 'NV063', 'KH063', 'SP031', 'PT01', 4, N'Offline', 60000.000),
    ('GD0532', '0397', 'NV064', 'KH064', 'SP032', 'PT02', 6, N'Online', 90000.000),
    ('GD0533', '0398', 'NV033', 'KH033', 'SP033', 'PT03', 8, N'Offline', 120000.000),
    ('GD0534', '0399', 'NV034', 'KH034', 'SP034', 'PT04', 3, N'Online', 45000.000),
    ('GD0535', '0960', 'NV035', 'KH035', 'SP035', 'PT05', 5, N'Offline', 75000.000),
    ('GD0536', '0961', 'NV036', 'KH036', 'SP036', 'PT01', 7, N'Online', 105000.000),
    ('GD0537', '0962', 'NV037', 'KH037', 'SP037', 'PT02', 9, N'Offline', 135000.000),
    ('GD0538', '0963', 'NV038', 'KH038', 'SP038', 'PT03', 4, N'Online', 60000.000),
    ('GD0539', '0964', 'NV039', 'KH039', 'SP039', 'PT04', 6, N'Offline', 90000.000),
    ('GD0540', '0965', 'NV040', 'KH040', 'SP040', 'PT05', 8, N'Online', 120000.000),
    ('GD0541', '0966', 'NV041', 'KH041', 'SP041', 'PT01', 2, N'Offline', 30000.000),
    ('GD0542', '0967', 'NV042', 'KH042', 'SP042', 'PT02', 5, N'Online', 75000.000),
    ('GD0543', '0968', 'NV043', 'KH043', 'SP043', 'PT03', 7, N'Offline', 105000.000),
    ('GD0544', '0969', 'NV044', 'KH044', 'SP044', 'PT04', 9, N'Online', 135000.000),
    ('GD0545', '0830', 'NV045', 'KH045', 'SP045', 'PT05', 4, N'Offline', 60000.000),
    ('GD0546', '0831', 'NV046', 'KH046', 'SP046', 'PT01', 6, N'Online', 90000.000),
    ('GD0547', '0832', 'NV047', 'KH047', 'SP047', 'PT02', 8, N'Offline', 120000.000),
    ('GD0548', '0833', 'NV048', 'KH048', 'SP048', 'PT03', 3, N'Online', 45000.000),
    ('GD0549', '0834', 'NV049', 'KH049', 'SP049', 'PT04', 5, N'Offline', 75000.000),
    ('GD0550', '0835', 'NV050', 'KH050', 'SP050', 'PT05', 10, N'Online', 150000.000),
    ('GD0551', '0836', 'NV051', 'KH051', 'SP051', 'PT01', '8', N'Offline', '160000.000'),
    ('GD0552', '0837', 'NV052', 'KH052', 'SP052', 'PT02', '6', N'Online', '150000.000'),
    ('GD0553', '0838', 'NV053', 'KH053', 'SP053', 'PT03', '9', N'Offline', '90000.000'),
    ('GD0554', '0839', 'NV054', 'KH054', 'SP054', 'PT04', '8', N'Online', '160000.000'),
    ('GD0555', '0420', 'NV055', 'KH055', 'SP055', 'PT05', '5', N'Offline', '75000.000'),
    ('GD0556', '0421', 'NV056', 'KH056', 'SP056', 'PT01', '10', N'Online', '200000.000'),
    ('GD0557', '0422', 'NV057', 'KH057', 'SP057', 'PT02', '2', N'Offline', '40000.000'),
    ('GD0558', '0423', 'NV058', 'KH058', 'SP058', 'PT03', '7', N'Online', '120000.000'),
    ('GD0559', '0424', 'NV059', 'KH059', 'SP059', 'PT04', '9', N'Offline', '135000.000'),
    ('GD0560', '0425', 'NV060', 'KH060', 'SP060', 'PT05', '8', N'Online', '160000.000'),
    ('GD0561', '0426', 'NV061', 'KH061', 'SP061', 'PT01', '5', N'Offline', '75000.000'),
    ('GD0562', '0427', 'NV062', 'KH062', 'SP062', 'PT02', '4', N'Online', '80000.000'),
    ('GD0563', '0428', 'NV063', 'KH063', 'SP063', 'PT03', '1', N'Offline', '15000.000'),
    ('GD0564', '0429', 'NV064', 'KH064', 'SP064', 'PT04', '7', N'Online', '120000.000'),
    ('GD0565', '0430', 'NV033', 'KH033', 'SP065', 'PT05', '10', N'Offline', '200000.000'),
    ('GD0566', '0431', 'NV034', 'KH034', 'SP066', 'PT01', '2', N'Online', '40000.000'),
    ('GD0567', '0432', 'NV035', 'KH035', 'SP067', 'PT02', '9', N'Offline', '135000.000'),
    ('GD0568', '0433', 'NV036', 'KH036', 'SP068', 'PT03', '3', N'Online', '60000.000'),
    ('GD0569', '0434', 'NV037', 'KH037', 'SP069', 'PT04', '6', N'Offline', '90000.000'),
    ('GD0570', '0435', 'NV038', 'KH038', 'SP070', 'PT05', '5', N'Online', '100000.000'),
    ('GD0571', '0436', 'NV039', 'KH039', 'SP071', 'PT01', '8', N'Offline', '160000.000'),
    ('GD0572', '0437', 'NV040', 'KH040', 'SP072', 'PT02', '6', N'Online', '150000.000'),
    ('GD0573', '0438', 'NV041', 'KH041', 'SP073', 'PT03', '9', N'Offline', '90000.000'),
    ('GD0574', '0439', 'NV042', 'KH042', 'SP074', 'PT04', '8', N'Online', '160000.000'),
    ('GD0575', '0950', 'NV043', 'KH043', 'SP075', 'PT05', '5', N'Offline', '75000.000'),
    ('GD0576', '0951', 'NV044', 'KH044', 'SP076', 'PT01', '10', N'Online', '200000.000'),
    ('GD0577', '0952', 'NV045', 'KH045', 'SP077', 'PT02', '2', N'Offline', '40000.000'),
    ('GD0578', '0953', 'NV046', 'KH046', 'SP078', 'PT03', '9', N'Online', '135000.000'),
    ('GD0579', '0954', 'NV047', 'KH047', 'SP079', 'PT04', '3', N'Offline', '60000.000'),
    ('GD0580', '0955', 'NV048', 'KH048', 'SP080', 'PT05', '6', N'Online', '90000.000'),
    ('GD0581', '0956', 'NV049', 'KH049', 'SP081', 'PT01', '5', N'Offline', '75000.000'),
    ('GD0582', '0957', 'NV050', 'KH050', 'SP082', 'PT02', '4', N'Online', '80000.000'),
    ('GD0583', '0958', 'NV051', 'KH051', 'SP083', 'PT03', '1', N'Offline', '15000.000'),
    ('GD0584', '0959', 'NV052', 'KH052', 'SP084', 'PT04', '7', N'Online', '120000.000'),
    ('GD0585', '0920', 'NV053', 'KH053', 'SP085', 'PT05', '10', N'Offline', '200000.000'),
    ('GD0586', '0921', 'NV054', 'KH054', 'SP086', 'PT01', '2', N'Online', '40000.000'),
    ('GD0587', '0922', 'NV055', 'KH055', 'SP087', 'PT02', '9', N'Offline', '135000.000'),
    ('GD0588', '0923', 'NV056', 'KH056', 'SP088', 'PT03', '3', N'Online', '60000.000'),
    ('GD0589', '0924', 'NV057', 'KH057', 'SP089', 'PT04', '6', N'Offline', '90000.000'),
    ('GD0590', '0925', 'NV058', 'KH058', 'SP090', 'PT05', '5', N'Online', '100000.000'),
    ('GD0591', '0926', 'NV059', 'KH059', 'SP091', 'PT01', '8', N'Offline', '160000.000'),
    ('GD0592', '0927', 'NV060', 'KH060', 'SP092', 'PT02', '6', N'Online', '150000.000'),
    ('GD0593', '0928', 'NV061', 'KH061', 'SP093', 'PT03', '9', N'Offline', '90000.000'),
    ('GD0594', '0929', 'NV062', 'KH062', 'SP094', 'PT04', '8', N'Online', '160000.000'),
    ('GD0595', '0460', 'NV063', 'KH063', 'SP095', 'PT05', '5', N'Offline', '75000.000'),
    ('GD0596', '0461', 'NV064', 'KH064', 'SP096', 'PT01', '10', N'Online', '200000.000'),
    ('GD0597', '0462', 'NV033', 'KH033', 'SP097', 'PT02', '2', N'Offline', '40000.000'),
    ('GD0598', '0463', 'NV034', 'KH034', 'SP098', 'PT03', '9', N'Online', '135000.000'),
    ('GD0599', '0464', 'NV035', 'KH035', 'SP099', 'PT04', '3', N'Offline', '60000.000'),
    ('GD0600', '0465', 'NV036', 'KH036', 'SP100', 'PT05', '6', N'Online', '90000.000'),

    ('GD0601', '0467', 'NV033', 'KH151', 'SP097', 'PT02', '2', N'Offline', '40000.000'),
    ('GD0602', '0468', 'NV034', 'KH152', 'SP098', 'PT03', '9', N'Online', '135000.000'),
    ('GD0603', '0469', 'NV035', 'KH153', 'SP099', 'PT04', '3', N'Offline', '60000.000'),
    ('GD0604', '0930', 'NV036', 'KH154', 'SP100', 'PT05', '6', N'Online', '90000.000'),
    ('GD0605', '0931', 'NV037', 'KH155', 'SP101', 'PT01', '5', N'Offline', '75000.000'),
    ('GD0606', '0932', 'NV038', 'KH156', 'SP102', 'PT02', '4', N'Online', '80000.000'),
    ('GD0607', '0933', 'NV039', 'KH157', 'SP103', 'PT03', '1', N'Offline', '15000.000'),
    ('GD0608', '0934', 'NV040', 'KH158', 'SP104', 'PT04', '7', N'Online', '120000.000'),
    ('GD0609', '0935', 'NV041', 'KH159', 'SP105', 'PT05', '10', N'Offline', '200000.000'),
    ('GD0610', '0936', 'NV042', 'KH160', 'SP106', 'PT01', '2', N'Online', '40000.000'),
    ('GD0611', '0937', 'NV043', 'KH161', 'SP107', 'PT02', '9', N'Offline', '135000.000'),
    ('GD0612', '0938', 'NV044', 'KH162', 'SP108', 'PT03', '3', N'Online', '60000.000'),
    ('GD0613', '0939', 'NV045', 'KH163', 'SP109', 'PT04', '6', N'Offline', '90000.000'),
    ('GD0614', '0480', 'NV046', 'KH164', 'SP110', 'PT05', '5', N'Online', '100000.000'),
    ('GD0615', '0481', 'NV047', 'KH165', 'SP111', 'PT01', '8', N'Offline', '160000.000'),
    ('GD0616', '0482', 'NV048', 'KH166', 'SP112', 'PT02', '6', N'Online', '150000.000'),
    ('GD0617', '0483', 'NV049', 'KH167', 'SP113', 'PT03', '9', N'Offline', '90000.000'),
    ('GD0618', '0484', 'NV050', 'KH168', 'SP114', 'PT04', '8', N'Online', '160000.000'),
    ('GD0619', '0485', 'NV051', 'KH169', 'SP115', 'PT05', '5', N'Offline', '75000.000'),
    ('GD0620', '0486', 'NV052', 'KH170', 'SP116', 'PT01', '10', N'Online', '200000.000'),
    ('GD0621', '0487', 'NV053', 'KH171', 'SP117', 'PT02', '2', N'Offline', '40000.000'),
    ('GD0622', '0488', 'NV054', 'KH172', 'SP118', 'PT03', '9', N'Online', '135000.000'),
    ('GD0623', '0489', 'NV055', 'KH001', 'SP119', 'PT04', '3', N'Offline', '60000.000'),
    ('GD0624', '0490', 'NV056', 'KH002', 'SP120', 'PT05', '6', N'Online', '90000.000'),
    ('GD0625', '0491', 'NV057', 'KH003', 'SP121', 'PT01', '5', N'Offline', '75000.000'),
    ('GD0626', '0492', 'NV058', 'KH004', 'SP122', 'PT02', '4', N'Online', '80000.000'),
    ('GD0627', '0493', 'NV059', 'KH005', 'SP123', 'PT03', '1', N'Offline', '15000.000'),
    ('GD0628', '0494', 'NV060', 'KH006', 'SP124', 'PT04', '7', N'Online', '120000.000'),
    ('GD0629', '0495', 'NV061', 'KH007', 'SP125', 'PT05', '10', N'Offline', '200000.000'),
    ('GD0630', '0496', 'NV062', 'KH008', 'SP126', 'PT01', '2', N'Online', '40000.000'),
    ('GD0631', '0497', 'NV063', 'KH009', 'SP127', 'PT02', '9', N'Offline', '135000.000'),
    ('GD0632', '0498', 'NV064', 'KH010', 'SP128', 'PT03', '3', N'Online', '60000.000'),
    ('GD0633', '0499', 'NV033', 'KH011', 'SP129', 'PT04', '6', N'Offline', '90000.000'),
    ('GD0634', '1000', 'NV034', 'KH012', 'SP130', 'PT05', '5', N'Online', '100000.000'),
    ('GD0635', '1001', 'NV035', 'KH013', 'SP131', 'PT01', '8', N'Offline', '160000.000'),
    ('GD0636', '1002', 'NV036', 'KH014', 'SP132', 'PT02', '6', N'Online', '150000.000'),
    ('GD0637', '1003', 'NV037', 'KH015', 'SP133', 'PT03', '9', N'Offline', '90000.000'),
    ('GD0638', '1004', 'NV038', 'KH016', 'SP134', 'PT04', '8', N'Online', '160000.000'),
    ('GD0639', '1005', 'NV039', 'KH017', 'SP135', 'PT05', '5', N'Offline', '75000.000'),
    ('GD0640', '1006', 'NV040', 'KH018', 'SP136', 'PT01', '10', N'Online', '200000.000'),
    ('GD0641', '1007', 'NV041', 'KH019', 'SP137', 'PT02', '2', N'Offline', '40000.000'),
    ('GD0642', '1008', 'NV042', 'KH020', 'SP138', 'PT03', '9', N'Online', '135000.000'),
    ('GD0643', '1009', 'NV043', 'KH021', 'SP139', 'PT04', '3', N'Offline', '60000.000'),
    ('GD0644', '0640', 'NV044', 'KH022', 'SP140', 'PT05', '6', N'Online', '90000.000'),
    ('GD0645', '0641', 'NV045', 'KH023', 'SP141', 'PT01', '5', N'Offline', '75000.000'),
    ('GD0646', '0642', 'NV046', 'KH024', 'SP142', 'PT02', '4', N'Online', '80000.000'),
    ('GD0647', '0643', 'NV047', 'KH025', 'SP143', 'PT03', '1', N'Offline', '15000.000'),
    ('GD0648', '0644', 'NV048', 'KH026', 'SP144', 'PT04', '7', N'Online', '120000.000'),
    ('GD0649', '0645', 'NV049', 'KH027', 'SP145', 'PT05', '10', N'Offline', '200000.000'),
    ('GD0650', '0646', 'NV050', 'KH028', 'SP146', 'PT01', '2', N'Online', '40000.000'),
    ('GD0651', '0647', 'NV051', 'KH029', 'SP147', 'PT02', '9', N'Offline', '135000.000'),
    ('GD0652', '0648', 'NV052', 'KH030', 'SP148', 'PT03', '3', N'Online', '60000.000'),
    ('GD0653', '0649', 'NV053', 'KH031', 'SP149', 'PT04', '6', N'Offline', '90000.000'),
    ('GD0654', '0520', 'NV054', 'KH032', 'SP150', 'PT05', '5', N'Online', '100000.000'),
    ('GD0655', '0521', 'NV055', 'KH033', 'SP151', 'PT01', '8', N'Offline', '160000.000'),
    ('GD0656', '0522', 'NV056', 'KH034', 'SP152', 'PT02', '6', N'Online', '150000.000'),
    ('GD0657', '0523', 'NV057', 'KH035', 'SP153', 'PT03', '9', N'Offline', '90000.000'),
    ('GD0658', '0524', 'NV058', 'KH036', 'SP154', 'PT04', '8', N'Online', '160000.000'),
    ('GD0659', '0525', 'NV059', 'KH037', 'SP155', 'PT05', '5', N'Offline', '75000.000'),
    ('GD0660', '0526', 'NV060', 'KH038', 'SP156', 'PT01', '10', N'Online', '200000.000'),
    ('GD0661', '0527', 'NV061', 'KH039', 'SP157', 'PT02', '2', N'Offline', '40000.000'),
    ('GD0662', '0528', 'NV062', 'KH040', 'SP158', 'PT03', '9', N'Online', '135000.000'),
    ('GD0663', '0529', 'NV063', 'KH041', 'SP159', 'PT04', '3', N'Offline', '60000.000'),
    ('GD0664', '0530', 'NV064', 'KH042', 'SP160', 'PT05', '6', N'Online', '90000.000'),
    ('GD0665', '0531', 'NV033', 'KH043', 'SP161', 'PT01', '5', N'Offline', '75000.000'),
    ('GD0666', '0532', 'NV034', 'KH044', 'SP162', 'PT02', '4', N'Online', '80000.000'),
    ('GD0667', '0533', 'NV035', 'KH045', 'SP163', 'PT03', '1', N'Offline', '15000.000'),
    ('GD0668', '0534', 'NV036', 'KH046', 'SP164', 'PT04', '7', N'Online', '120000.000'),
    ('GD0669', '0535', 'NV037', 'KH047', 'SP165', 'PT05', '10', N'Offline', '200000.000'),
    ('GD0670', '0536', 'NV038', 'KH048', 'SP166', 'PT01', '2', N'Online', '40000.000'),
    ('GD0671', '0537', 'NV039', 'KH049', 'SP167', 'PT02', '9', N'Offline', '135000.000'),
    ('GD0672', '0538', 'NV040', 'KH050', 'SP168', 'PT03', '3', N'Online', '60000.000'),
    ('GD0673', '0539', 'NV041', 'KH051', 'SP169', 'PT04', '6', N'Offline', '90000.000'),
    ('GD0674', '0540', 'NV042', 'KH052', 'SP170', 'PT05', '5', N'Online', '100000.000'),
    ('GD0675', '0541', 'NV043', 'KH053', 'SP171', 'PT01', '8', N'Offline', '160000.000'),
    ('GD0676', '0542', 'NV044', 'KH054', 'SP172', 'PT02', '6', N'Online', '150000.000'),
    ('GD0677', '0543', 'NV045', 'KH055', 'SP173', 'PT03', '9', N'Offline', '90000.000'),
    ('GD0678', '0544', 'NV046', 'KH056', 'SP174', 'PT04', '8', N'Online', '160000.000'),
    ('GD0679', '0545', 'NV047', 'KH057', 'SP175', 'PT05', '5', N'Offline', '75000.000'),
    ('GD0680', '0546', 'NV048', 'KH058', 'SP176', 'PT01', '10', N'Online', '200000.000'),
    ('GD0681', '0547', 'NV049', 'KH059', 'SP177', 'PT02', '2', N'Offline', '40000.000'),
    ('GD0682', '0548', 'NV050', 'KH060', 'SP178', 'PT03', '9', N'Online', '135000.000'),
    ('GD0683', '0549', 'NV051', 'KH061', 'SP179', 'PT04', '3', N'Offline', '60000.000'),
    ('GD0684', '1000', 'NV052', 'KH062', 'SP180', 'PT05', '6', N'Online', '90000.000'),
    ('GD0685', '1001', 'NV053', 'KH063', 'SP181', 'PT01', '5', N'Offline', '75000.000'),
    ('GD0686', '1002', 'NV054', 'KH064', 'SP182', 'PT02', '4', N'Online', '80000.000'),
    ('GD0687', '1003', 'NV055', 'KH065', 'SP183', 'PT03', '1', N'Offline', '15000.000'),
    ('GD0688', '1004', 'NV056', 'KH066', 'SP184', 'PT04', '7', N'Online', '120000.000'),
    ('GD0689', '1005', 'NV057', 'KH067', 'SP185', 'PT05', '10', N'Offline', '200000.000'),
    ('GD0690', '1006', 'NV058', 'KH068', 'SP186', 'PT01', '2', N'Online', '40000.000'),
    ('GD0691', '1007', 'NV059', 'KH069', 'SP187', 'PT02', '9', N'Offline', '135000.000'),
    ('GD0692', '1008', 'NV060', 'KH070', 'SP188', 'PT03', '3', N'Online', '60000.000'),
    ('GD0693', '1009', 'NV061', 'KH071', 'SP189', 'PT04', '6', N'Offline', '90000.000'),
    ('GD0694', '1000', 'NV062', 'KH072', 'SP190', 'PT05', '5', N'Online', '100000.000'),
    ('GD0695', '1001', 'NV063', 'KH073', 'SP191', 'PT01', '8', N'Offline', '160000.000'),
    ('GD0696', '1002', 'NV064', 'KH074', 'SP192', 'PT02', '6', N'Online', '150000.000'),
    ('GD0697', '1003', 'NV033', 'KH075', 'SP193', 'PT03', '9', N'Offline', '90000.000'),
    ('GD0698', '1004', 'NV034', 'KH076', 'SP194', 'PT04', '8', N'Online', '160000.000'),
    ('GD0699', '1005', 'NV035', 'KH077', 'SP195', 'PT05', '5', N'Offline', '75000.000'),
    ('GD0700', '1006', 'NV036', 'KH078', 'SP196', 'PT01', '10', N'Online', '200000.000'),
    ('GD0701', '1007', 'NV037', 'KH079', 'SP197', 'PT02', '2', N'Offline', '40000.000'),
    ('GD0702', '1008', 'NV038', 'KH080', 'SP198', 'PT03', '9', N'Online', '135000.000'),
    ('GD0703', '1009', 'NV039', 'KH081', 'SP199', 'PT04', '3', N'Offline', '60000.000'),
    ('GD0704', '0570', 'NV040', 'KH082', 'SP200', 'PT05', '6', N'Online', '90000.000'),
    ('GD0705', '0571', 'NV041', 'KH083', 'SP201', 'PT01', '5', N'Offline', '75000.000'),
    ('GD0706', '0572', 'NV042', 'KH084', 'SP202', 'PT02', '4', N'Online', '80000.000'),
    ('GD0707', '0573', 'NV043', 'KH085', 'SP203', 'PT03', '1', N'Offline', '15000.000'),
    ('GD0708', '0574', 'NV044', 'KH086', 'SP204', 'PT04', '7', N'Online', '120000.000'),
    ('GD0709', '0575', 'NV045', 'KH087', 'SP205', 'PT05', '10', N'Offline', '200000.000'),
    ('GD0710', '0576', 'NV046', 'KH088', 'SP206', 'PT01', '2', N'Online', '40000.000'),
    ('GD0711', '0577', 'NV047', 'KH089', 'SP207', 'PT02', '9', N'Offline', '135000.000'),
    ('GD0712', '0578', 'NV048', 'KH090', 'SP208', 'PT03', '3', N'Online', '60000.000'),
    ('GD0713', '0579', 'NV049', 'KH091', 'SP209', 'PT04', '6', N'Offline', '90000.000'),
    ('GD0714', '0580', 'NV050', 'KH092', 'SP210', 'PT05', '5', N'Online', '100000.000'),
    ('GD0715', '0581', 'NV051', 'KH093', 'SP211', 'PT01', '8', N'Offline', '160000.000'),
    ('GD0716', '0582', 'NV052', 'KH094', 'SP212', 'PT02', '6', N'Online', '150000.000'),
    ('GD0717', '0583', 'NV053', 'KH095', 'SP213', 'PT03', '9', N'Offline', '90000.000'),
    ('GD0718', '0584', 'NV054', 'KH096', 'SP214', 'PT04', '8', N'Online', '160000.000'),
    ('GD0719', '0585', 'NV055', 'KH097', 'SP215', 'PT05', '5', N'Offline', '75000.000'),
    ('GD0720', '0586', 'NV056', 'KH098', 'SP216', 'PT01', '10', N'Online', '200000.000'),
    ('GD0721', '0587', 'NV057', 'KH099', 'SP217', 'PT02', '2', N'Offline', '40000.000'),
    ('GD0722', '0588', 'NV058', 'KH100', 'SP218', 'PT03', '9', N'Online', '135000.000'),
    ('GD0723', '0589', 'NV059', 'KH101', 'SP219', 'PT04', '3', N'Offline', '60000.000'),
    ('GD0724', '0590', 'NV060', 'KH102', 'SP220', 'PT05', '6', N'Online', '90000.000'),
    ('GD0725', '0591', 'NV061', 'KH103', 'SP221', 'PT01', '5', N'Offline', '75000.000');
	INSERT INTO Fact_BanHang (MaGiaoDich, MaNgay, MaNhanVien, MaKhachHang, MaSanPham, MaPTTT, SoLuong, HinhThucMua, TongTien)
VALUES
    ('GD0726', '0592', 'NV062', 'KH104', 'SP222', 'PT02', '4', N'Online', '80000.000'),
    ('GD0727', '0593', 'NV063', 'KH105', 'SP223', 'PT03', '1', N'Offline', '15000.000'),
    ('GD0728', '0594', 'NV064', 'KH106', 'SP224', 'PT04', '7', N'Online', '120000.000'),
    ('GD0729', '0595', 'NV033', 'KH107', 'SP225', 'PT05', '10', N'Offline', '200000.000'),
    ('GD0730', '0596', 'NV034', 'KH108', 'SP226', 'PT01', '2', N'Online', '40000.000'),
	('GD0801', '0667', 'NV041', 'KH270', 'SP297', 'PT02', '8', N'Online', '160000.000'),
    ('GD0802', '0668', 'NV042', 'KH271', 'SP298', 'PT03', '3', N'Offline', '45000.000'),
    ('GD0803', '0669', 'NV043', 'KH272', 'SP299', 'PT04', '10', N'Online', '200000.000'),
    ('GD0804', '0670', 'NV044', 'KH273', 'SP300', 'PT05', '2', N'Offline', '40000.000'),
    ('GD0805', '0671', 'NV045', 'KH274', 'SP200', 'PT01', '6', N'Online', '120000.000'),
    ('GD0806', '0672', 'NV046', 'KH275', 'SP201', 'PT02', '9', N'Offline', '180000.000'),
    ('GD0807', '0673', 'NV047', 'KH276', 'SP202', 'PT03', '4', N'Online', '80000.000'),
    ('GD0808', '0674', 'NV048', 'KH277', 'SP203', 'PT04', '7', N'Offline', '105000.000'),
    ('GD0809', '0675', 'NV049', 'KH278', 'SP204', 'PT05', '2', N'Online', '40000.000'),
    ('GD0810', '0676', 'NV050', 'KH279', 'SP205', 'PT01', '5', N'Offline', '75000.000'),
	('GD0811', '0677', 'NV051', 'KH280', 'SP206', 'PT02', '8', N'Online', '160000.000'),
    ('GD0812', '0678', 'NV052', 'KH281', 'SP207', 'PT03', '3', N'Offline', '45000.000'),
    ('GD0813', '0679', 'NV053', 'KH282', 'SP208', 'PT04', '10', N'Online', '200000.000'),
    ('GD0814', '0680', 'NV054', 'KH282', 'SP209', 'PT05', '2', N'Offline', '40000.000'),
    ('GD0815', '0681', 'NV055', 'KH284', 'SP210', 'PT01', '6', N'Online', '120000.000'),
    ('GD0816', '0682', 'NV056', 'KH285', 'SP211', 'PT02', '9', N'Offline', '180000.000'),
    ('GD0817', '0683', 'NV057', 'KH286', 'SP212', 'PT03', '4', N'Online', '80000.000'),
    ('GD0818', '0684', 'NV058', 'KH287', 'SP213', 'PT04', '7', N'Offline', '105000.000'),
    ('GD0819', '0685', 'NV059', 'KH288', 'SP214', 'PT05', '2', N'Online', '40000.000'),
    ('GD0820', '0686', 'NV060', 'KH289', 'SP215', 'PT01', '5', N'Offline', '75000.000'),
    ('GD0821', '0687', 'NV061', 'KH290', 'SP216', 'PT02', '8', N'Online', '160000.000'),
    ('GD0822', '0688', 'NV062', 'KH291', 'SP217', 'PT03', '3', N'Offline', '45000.000'),
    ('GD0823', '0689', 'NV063', 'KH292', 'SP218', 'PT04', '10', N'Online', '200000.000'),
    ('GD0824', '0690', 'NV064', 'KH293', 'SP219', 'PT05', '2', N'Offline', '40000.000'),
    ('GD0825', '0691', 'NV033', 'KH294', 'SP220', 'PT01', '6', N'Online', '120000.000'),
    ('GD0826', '0692', 'NV034', 'KH295', 'SP221', 'PT02', '9', N'Offline', '180000.000'),
    ('GD0827', '0693', 'NV035', 'KH296', 'SP222', 'PT03', '4', N'Online', '80000.000'),
    ('GD0828', '0694', 'NV036', 'KH297', 'SP223', 'PT04', '7', N'Offline', '105000.000'),
    ('GD0829', '0695', 'NV037', 'KH298', 'SP224', 'PT05', '2', N'Online', '40000.000'),
    ('GD0830', '0696', 'NV038', 'KH299', 'SP225', 'PT01', '5', N'Offline', '75000.000'),
    ('GD0831', '0697', 'NV039', 'KH300', 'SP226', 'PT02', '8', N'Online', '160000.000'),
    ('GD0832', '0698', 'NV040', 'KH001', 'SP227', 'PT03', '3', N'Offline', '45000.000'),
    ('GD0833', '0699', 'NV041', 'KH002', 'SP228', 'PT04', '10', N'Online', '200000.000'),
    ('GD0834', '0700', 'NV042', 'KH003', 'SP229', 'PT05', '2', N'Offline', '40000.000'),
    ('GD0835', '0701', 'NV043', 'KH004', 'SP230', 'PT01', '6', N'Online', '120000.000'),
    ('GD0836', '0702', 'NV044', 'KH005', 'SP231', 'PT02', '9', N'Offline', '180000.000'),
    ('GD0837', '0703', 'NV045', 'KH006', 'SP232', 'PT03', '4', N'Online', '80000.000'),
    ('GD0838', '0704', 'NV046', 'KH007', 'SP233', 'PT04', '7', N'Offline', '105000.000'),
    ('GD0839', '0705', 'NV047', 'KH008', 'SP234', 'PT05', '2', N'Online', '40000.000'),
    ('GD0840', '0706', 'NV048', 'KH009', 'SP235', 'PT01', '5', N'Offline', '75000.000'),
    ('GD0841', '0707', 'NV049', 'KH010', 'SP236', 'PT02', '8', N'Online', '160000.000'),
    ('GD0842', '0708', 'NV050', 'KH011', 'SP237', 'PT03', '3', N'Offline', '45000.000'),
    ('GD0843', '0709', 'NV051', 'KH012', 'SP238', 'PT04', '10', N'Online', '200000.000'),
    ('GD0844', '0710', 'NV052', 'KH013', 'SP239', 'PT05', '2', N'Offline', '40000.000'),
    ('GD0845', '0711', 'NV053', 'KH014', 'SP240', 'PT01', '6', N'Online', '120000.000'),
    ('GD0846', '0712', 'NV054', 'KH015', 'SP241', 'PT02', '9', N'Offline', '180000.000'),
    ('GD0847', '0713', 'NV055', 'KH016', 'SP242', 'PT03', '4', N'Online', '80000.000'),
    ('GD0848', '0714', 'NV056', 'KH017', 'SP243', 'PT04', '7', N'Offline', '105000.000'),
    ('GD0849', '0715', 'NV057', 'KH018', 'SP244', 'PT05', '2', N'Online', '40000.000'),
    ('GD0850', '0716', 'NV058', 'KH019', 'SP245', 'PT01', '5', N'Offline', '75000.000'),
    ('GD0901', '0767', 'NV045', 'KH001', 'SP001', 'PT02', '8', N'Online', '160000.000'),
    ('GD0902', '0768', 'NV046', 'KH002', 'SP002', 'PT03', '3', N'Offline', '45000.000'),
    ('GD0903', '0769', 'NV047', 'KH003', 'SP003', 'PT04', '10', N'Online', '200000.000'),
    ('GD0904', '0770', 'NV048', 'KH004', 'SP004', 'PT05', '2', N'Offline', '40000.000'),
    ('GD0905', '0771', 'NV049', 'KH005', 'SP005', 'PT01', '6', N'Online', '120000.000'),
    ('GD0906', '0772', 'NV050', 'KH006', 'SP006', 'PT02', '9', N'Offline', '180000.000'),
    ('GD0907', '0773', 'NV051', 'KH007', 'SP007', 'PT03', '4', N'Online', '80000.000'),
    ('GD0908', '0774', 'NV052', 'KH008', 'SP008', 'PT04', '7', N'Offline', '105000.000'),
    ('GD0909', '0775', 'NV053', 'KH009', 'SP009', 'PT05', '2', N'Online', '40000.000'),
    ('GD0910', '0776', 'NV054', 'KH010', 'SP010', 'PT01', '5', N'Offline', '75000.000'),
    ('GD0911', '0777', 'NV055', 'KH011', 'SP011', 'PT02', '8', N'Online', '160000.000'),
    ('GD0912', '0778', 'NV056', 'KH012', 'SP012', 'PT03', '3', N'Offline', '45000.000'),
    ('GD0913', '0779', 'NV057', 'KH013', 'SP013', 'PT04', '10', N'Online', '200000.000'),
    ('GD0914', '0780', 'NV058', 'KH014', 'SP014', 'PT05', '2', N'Offline', '40000.000'),
    ('GD0915', '0781', 'NV059', 'KH015', 'SP015', 'PT01', '6', N'Online', '120000.000'),
    ('GD0916', '0782', 'NV060', 'KH016', 'SP016', 'PT02', '9', N'Offline', '180000.000'),
    ('GD0917', '0783', 'NV061', 'KH017', 'SP017', 'PT03', '4', N'Online', '80000.000'),
    ('GD0918', '0784', 'NV062', 'KH018', 'SP018', 'PT04', '7', N'Offline', '105000.000'),
    ('GD0919', '0785', 'NV063', 'KH019', 'SP019', 'PT05', '2', N'Online', '40000.000'),
    ('GD0920', '0786', 'NV064', 'KH020', 'SP020', 'PT01', '5', N'Offline', '75000.000'),
    ('GD0921', '0787', 'NV033', 'KH021', 'SP021', 'PT02', '8', N'Online', '160000.000'),
    ('GD0922', '0788', 'NV034', 'KH022', 'SP022', 'PT03', '3', N'Offline', '45000.000'),
    ('GD0923', '0789', 'NV035', 'KH023', 'SP023', 'PT04', '10', N'Online', '200000.000'),
    ('GD0924', '0790', 'NV036', 'KH024', 'SP024', 'PT05', '2', N'Offline', '40000.000'),
    ('GD0925', '0791', 'NV037', 'KH025', 'SP025', 'PT01', '6', N'Online', '120000.000'),
    ('GD0926', '0792', 'NV038', 'KH026', 'SP026', 'PT02', '9', N'Offline', '180000.000'),
    ('GD0927', '0793', 'NV039', 'KH027', 'SP027', 'PT03', '4', N'Online', '80000.000'),
    ('GD0928', '0794', 'NV040', 'KH028', 'SP028', 'PT04', '7', N'Offline', '105000.000'),
    ('GD0929', '0795', 'NV041', 'KH029', 'SP029', 'PT05', '2', N'Online', '40000.000'),
    ('GD0930', '0796', 'NV042', 'KH030', 'SP030', 'PT01', '5', N'Offline', '75000.000'),
    ('GD0931', '0797', 'NV043', 'KH031', 'SP031', 'PT02', '8', N'Online', '160000.000'),
    ('GD0932', '0798', 'NV044', 'KH032', 'SP032', 'PT03', '3', N'Offline', '45000.000'),
    ('GD0933', '0799', 'NV045', 'KH033', 'SP033', 'PT04', '10', N'Online', '200000.000'),
    ('GD0934', '0800', 'NV046', 'KH034', 'SP034', 'PT05', '2', N'Offline', '40000.000'),
    ('GD0935', '0801', 'NV047', 'KH035', 'SP035', 'PT01', '6', N'Online', '120000.000'),
    ('GD0936', '0802', 'NV048', 'KH036', 'SP036', 'PT02', '9', N'Offline', '180000.000'),
    ('GD0937', '0803', 'NV049', 'KH037', 'SP037', 'PT03', '4', N'Online', '80000.000'),
    ('GD0938', '0804', 'NV050', 'KH038', 'SP038', 'PT04', '7', N'Offline', '105000.000'),
    ('GD0939', '0805', 'NV051', 'KH039', 'SP039', 'PT05', '2', N'Online', '40000.000'),
    ('GD0940', '0806', 'NV052', 'KH040', 'SP040', 'PT01', '5', N'Offline', '75000.000'),
    ('GD0941', '0807', 'NV053', 'KH041', 'SP041', 'PT02', '8', N'Online', '160000.000'),
    ('GD0942', '0808', 'NV054', 'KH042', 'SP042', 'PT03', '3', N'Offline', '45000.000'),
    ('GD0943', '0809', 'NV055', 'KH043', 'SP043', 'PT04', '10', N'Online', '200000.000'),
    ('GD0944', '0810', 'NV056', 'KH044', 'SP044', 'PT05', '2', N'Offline', '40000.000'),
    ('GD0945', '0811', 'NV057', 'KH045', 'SP045', 'PT01', '6', N'Online', '120000.000'),
    ('GD0946', '0812', 'NV058', 'KH046', 'SP046', 'PT02', '9', N'Offline', '180000.000'),
    ('GD0947', '0813', 'NV059', 'KH047', 'SP047', 'PT03', '4', N'Online', '80000.000'),
    ('GD0948', '0814', 'NV060', 'KH048', 'SP048', 'PT04', '7', N'Offline', '105000.000'),
    ('GD0949', '0815', 'NV061', 'KH049', 'SP049', 'PT05', '2', N'Online', '40000.000'),
    ('GD0950', '0816', 'NV062', 'KH050', 'SP050', 'PT01', '5', N'Offline', '75000.000'),
    ('GD0951', '0817', 'NV063', 'KH051', 'SP051', 'PT02', '8', N'Online', '160000.000'),
    ('GD0952', '0818', 'NV064', 'KH052', 'SP052', 'PT03', '3', N'Offline', '45000.000'),
    ('GD0953', '0819', 'NV033', 'KH053', 'SP053', 'PT04', '10', N'Online', '200000.000'),
    ('GD0954', '0820', 'NV034', 'KH054', 'SP054', 'PT05', '2', N'Offline', '40000.000'),
    ('GD0955', '0821', 'NV035', 'KH055', 'SP055', 'PT01', '6', N'Online', '120000.000'),
    ('GD0956', '0822', 'NV036', 'KH056', 'SP056', 'PT02', '9', N'Offline', '180000.000'),
    ('GD0957', '0823', 'NV037', 'KH057', 'SP057', 'PT03', '4', N'Online', '80000.000'),
    ('GD0958', '0824', 'NV038', 'KH058', 'SP058', 'PT04', '7', N'Offline', '105000.000'),
    ('GD0959', '0825', 'NV039', 'KH059', 'SP059', 'PT05', '2', N'Online', '40000.000'),
    ('GD0960', '0826', 'NV040', 'KH060', 'SP060', 'PT01', '5', N'Offline', '75000.000'),
    ('GD0961', '0827', 'NV041', 'KH061', 'SP061', 'PT02', '8', N'Online', '160000.000'),
    ('GD0962', '0828', 'NV042', 'KH062', 'SP062', 'PT03', '3', N'Offline', '45000.000'),
    ('GD0963', '0829', 'NV043', 'KH063', 'SP063', 'PT04', '10', N'Online', '200000.000'),
    ('GD0964', '0830', 'NV044', 'KH064', 'SP064', 'PT05', '2', N'Offline', '40000.000'),
    ('GD0965', '0831', 'NV045', 'KH065', 'SP065', 'PT01', '6', N'Online', '120000.000'),
    ('GD0966', '0832', 'NV046', 'KH066', 'SP066', 'PT02', '9', N'Offline', '180000.000'),
    ('GD0967', '0833', 'NV047', 'KH067', 'SP067', 'PT03', '4', N'Online', '80000.000'),
    ('GD0968', '0834', 'NV048', 'KH068', 'SP068', 'PT04', '7', N'Offline', '105000.000'),
    ('GD0969', '0835', 'NV049', 'KH069', 'SP069', 'PT05', '2', N'Online', '40000.000'),
    ('GD0970', '0836', 'NV050', 'KH070', 'SP070', 'PT01', '5', N'Offline', '75000.000'),
    ('GD0971', '0837', 'NV051', 'KH071', 'SP071', 'PT02', '8', N'Online', '160000.000'),
    ('GD0972', '0838', 'NV052', 'KH072', 'SP072', 'PT03', '3', N'Offline', '45000.000'),
    ('GD0973', '0839', 'NV053', 'KH073', 'SP073', 'PT04', '10', N'Online', '200000.000'),
    ('GD0974', '0840', 'NV054', 'KH074', 'SP074', 'PT05', '2', N'Offline', '40000.000'),
    ('GD0975', '0841', 'NV055', 'KH075', 'SP075', 'PT01', '6', N'Online', '120000.000'),
    ('GD0976', '0842', 'NV056', 'KH076', 'SP076', 'PT02', '9', N'Offline', '180000.000'),
    ('GD0977', '0843', 'NV057', 'KH077', 'SP077', 'PT03', '4', N'Online', '80000.000'),
    ('GD0978', '0844', 'NV058', 'KH078', 'SP078', 'PT04', '7', N'Offline', '105000.000'),
    ('GD0979', '0845', 'NV059', 'KH079', 'SP079', 'PT05', '2', N'Online', '40000.000'),
    ('GD0980', '0846', 'NV060', 'KH080', 'SP080', 'PT01', '5', N'Offline', '75000.000'),
    ('GD0981', '0847', 'NV061', 'KH081', 'SP081', 'PT02', '8', N'Online', '160000.000'),
    ('GD0982', '0848', 'NV062', 'KH082', 'SP082', 'PT03', '3', N'Offline', '45000.000'),
    ('GD0983', '0849', 'NV063', 'KH083', 'SP083', 'PT04', '10', N'Online', '200000.000'),
    ('GD0984', '0850', 'NV064', 'KH084', 'SP084', 'PT05', '2', N'Offline', '40000.000'),
    ('GD0985', '0851', 'NV033', 'KH085', 'SP085', 'PT01', '6', N'Online', '120000.000'),
    ('GD0986', '0852', 'NV034', 'KH086', 'SP086', 'PT02', '9', N'Offline', '180000.000'),
    ('GD0987', '0853', 'NV035', 'KH087', 'SP087', 'PT03', '4', N'Online', '80000.000'),
    ('GD0988', '0854', 'NV036', 'KH088', 'SP088', 'PT04', '7', N'Offline', '105000.000'),
    ('GD0989', '0855', 'NV037', 'KH089', 'SP089', 'PT05', '2', N'Online', '40000.000'),
    ('GD0990', '0856', 'NV038', 'KH090', 'SP090', 'PT01', '5', N'Offline', '75000.000'),
    ('GD0991', '0857', 'NV039', 'KH091', 'SP091', 'PT02', '8', N'Online', '160000.000'),
    ('GD0992', '0858', 'NV040', 'KH092', 'SP092', 'PT03', '3', N'Offline', '45000.000'),
    ('GD0993', '0859', 'NV041', 'KH093', 'SP093', 'PT04', '10', N'Online', '200000.000'),
    ('GD0994', '0860', 'NV042', 'KH094', 'SP094', 'PT05', '2', N'Offline', '40000.000'),
    ('GD0995', '0861', 'NV043', 'KH095', 'SP095', 'PT01', '6', N'Online', '120000.000'),
    ('GD0996', '0862', 'NV044', 'KH096', 'SP096', 'PT02', '9', N'Offline', '180000.000'),
    ('GD0997', '0863', 'NV045', 'KH097', 'SP097', 'PT03', '4', N'Online', '80000.000'),
    ('GD0998', '0864', 'NV046', 'KH098', 'SP098', 'PT04', '7', N'Offline', '105000.000'),
    ('GD0999', '0865', 'NV047', 'KH099', 'SP099', 'PT05', '2', N'Online', '40000.000'),
    ('GD1000', '0866', 'NV048', 'KH100', 'SP100', 'PT01', '5', N'Offline', '75000.000'),
    ('GD1001', '0649', 'NV093', 'KH079', 'SP010', 'PT03', 9, N'Online', 90000.000),
    ('GD1002', '0642', 'NV094', 'KH080', 'SP011', 'PT04', 8, N'Offline', 160000.000),
    ('GD1003', '0644', 'NV095', 'KH081', 'SP012', 'PT05', 5, N'Online', 75000.000),
    ('GD1004', '0648', 'NV096', 'KH082', 'SP013', 'PT01', 10, N'Offline', 200000.000),
    ('GD1005', '0639', 'NV097', 'KH083', 'SP014', 'PT02', 2, N'Online', 40000.000),
    ('GD1006', '0640', 'NV098', 'KH084', 'SP015', 'PT03', 7, N'Offline', 120000.000),
    ('GD1007', '0641', 'NV099', 'KH085', 'SP016', 'PT04', 9, N'Online', 135000.000),
 ('GD1008', '0642', 'NV100', 'KH086', 'SP017', 'PT05', 8, N'Offline', 160000.000),
  ('GD1009', '0643', 'NV065', 'KH087', 'SP018', 'PT01', 5, N'Online', 75000.000),
   ('GD1010', '0644', 'NV066', 'KH088', 'SP019', 'PT02', 4, N'Offline', 80000.000),
    ('GD1011', '0645', 'NV067', 'KH089', 'SP170', 'PT03', 1, N'Online', 15000.000),
    ('GD1012', '0646', 'NV068', 'KH090', 'SP171', 'PT04', 7, N'Offline', 120000.000),
    ('GD1013', '0647', 'NV069', 'KH091', 'SP172', 'PT05', 10, N'Online', 200000.000),
('GD1014', '0648', 'NV070', 'KH092', 'SP173', 'PT01', 2, N'Offline', 40000.000),
    ('GD1015', '0649', 'NV071', 'KH093', 'SP174', 'PT02', 9, N'Online', 135000.000),
    ('GD1016', '0650', 'NV072', 'KH094', 'SP175', 'PT03', 3, N'Offline', 60000.000),
    ('GD1017', '0651','NV073', 'KH095', 'SP176', 'PT04', 6, N'Online', 90000.000),
    ('GD1018', '0652', 'NV074', 'KH096', 'SP177', 'PT05', 5, N'Offline', 100000.000),
    ('GD1019', '0653', 'NV075', 'KH097', 'SP178', 'PT01', 8, N'Online', 120000.000),
    ('GD1020', '0654',  'NV076', 'KH098', 'SP179', 'PT02', 6, N'Offline', 150000.000),
	('GD1021', '0655', 'NV077', 'KH099', 'SP180', 'PT03', 9, N'Online', 135000.000),
    ('GD1022', '0656','NV078', 'KH100', 'SP181', 'PT04', 8, N'Offline', 160000.000),
    ('GD1023', '0657', 'NV079', 'KH071', 'SP182', 'PT05', 5, N'Online', 75000.000),
    ('GD1024', '0658', 'NV080', 'KH072', 'SP183', 'PT01', 10, N'Offline', 200000.000),
    ('GD1025', '0659', 'NV081', 'KH073', 'SP184', 'PT02', 2, N'Online', 40000.000),
    ('GD1026', '0660', 'NV082', 'KH074', 'SP185', 'PT03', 7, N'Offline', 120000.000),
    ('GD1027', '0661', 'NV083', 'KH075', 'SP186', 'PT04', 9, N'Online', 135000.000),
    ('GD1028', '0662', 'NV084', 'KH076', 'SP187', 'PT05', 8, N'Offline', 160000.000),
    ('GD1029', '0663', 'NV085', 'KH077', 'SP188', 'PT01', 5, N'Online', 75000.000),
    ('GD1030', '0664', 'NV086', 'KH078', 'SP189', 'PT02', 4, N'Offline', 80000.000),
    ('GD1031', '0665', 'NV087', 'KH079', 'SP190', 'PT03', 1, N'Online', 15000.000),
    ('GD1032', '0666', 'NV088', 'KH080', 'SP191', 'PT04', 7, N'Offline', 120000.000),
    ('GD1033', '0667',  'NV089', 'KH081', 'SP192', 'PT05', 10, N'Online', 200000.000),
    ('GD1034', '0668', 'NV090', 'KH012', 'SP193', 'PT01', 2, N'Offline', 40000.000),
    ('GD1035', '0669', 'NV091', 'KH013', 'SP194', 'PT02', 9, N'Online', 135000.000),
    ('GD1036', '0670', 'NV092', 'KH014', 'SP195', 'PT03', 3, N'Offline', 60000.000),
    ('GD1037', '0671', 'NV093', 'KH015', 'SP196', 'PT04', 6, N'Online', 90000.000),
    ('GD1038', '0672',  'NV094', 'KH016', 'SP197', 'PT05', 5, N'Offline', 100000.000),
    ('GD1039', '0673', 'NV095', 'KH017', 'SP198', 'PT01', 8, N'Online', 120000.000),
    ('GD1040', '0674', 'NV096', 'KH018', 'SP199', 'PT02', 6, N'Offline', 150000.000),
    ('GD1041', '0675', 'NV097', 'KH019', 'SP001', 'PT03', 9, N'Online', 90000.000),
    ('GD1042', '0676', 'NV098', 'KH020', 'SP001', 'PT04', 8, N'Offline', 160000.000),
    ('GD1043', '0677', 'NV099', 'KH021', 'SP002', 'PT05', 5, N'Online', 75000.000),
    ('GD1044', '0678', 'NV100', 'KH022', 'SP003', 'PT01', 10, N'Offline', 200000.000),
    ('GD1045', '0679', 'NV065', 'KH023', 'SP004', 'PT02', 2, N'Online', 40000.000),
    ('GD1046', '0680',  'NV065', 'KH024', 'SP005', 'PT03', 7, N'Offline', 120000.000),
    ('GD1047', '0681', 'NV066', 'KH025', 'SP006', 'PT04', 9, N'Online', 135000.000),
    ('GD1048', '0682', 'NV067', 'KH026', 'SP007', 'PT05', 8, N'Offline', 160000.000),
    ('GD1049', '0683', 'NV068', 'KH027', 'SP008', 'PT01', 5, N'Online', 75000.000),
    ('GD1050', '0684', 'NV069', 'KH028', 'SP009', 'PT02', 4, N'Offline', 80000.000),
    ('GD1051', '0685', 'NV070', 'KH029', 'SP010', 'PT03', 1, N'Online', 15000.000),
    ('GD1052', '0686', 'NV071', 'KH030', 'SP011', 'PT04', 7, N'Offline', 120000.000),
    ('GD1053', '0687', 'NV072', 'KH031', 'SP012', 'PT05', 10, N'Online', 200000.000),
    ('GD1054', '0688', 'NV073', 'KH032', 'SP013', 'PT01', 2, N'Offline', 40000.000),
    ('GD1055', '0689', 'NV074', 'KH033', 'SP014', 'PT02', 9, N'Online', 135000.000),
    ('GD1056', '0690',  'NV075', 'KH034', 'SP015', 'PT03', 3, N'Offline', 60000.000),
    ('GD1057', '0691', 'NV076', 'KH035', 'SP016', 'PT04', 6, N'Online', 90000.000),
    ('GD1058', '0692', 'NV077', 'KH036', 'SP017', 'PT05', 5, N'Offline', 100000.000),
    ('GD1059', '0693', 'NV078', 'KH037', 'SP018', 'PT01', 8, N'Online', 120000.000),
    ('GD1060', '0694',  'NV079', 'KH038', 'SP019', 'PT02', 6, N'Offline', 150000.000),
    ('GD1061', '0695', 'NV080', 'KH039', 'SP020', 'PT03', 9, N'Online', 90000.000),
    ('GD1062', '0696', 'NV081', 'KH040', 'SP021', 'PT04', 8, N'Offline', 160000.000),
    ('GD1063', '0697', 'NV082', 'KH041', 'SP022', 'PT05', 5, N'Online', 75000.000),
    ('GD1064', '0698', 'NV083', 'KH042', 'SP023', 'PT01', 10, N'Offline', 200000.000),
    ('GD1065', '0699', 'NV084', 'KH043', 'SP024', 'PT02', 2, N'Online', 40000.000),
    ('GD1066', '0700', 'NV085', 'KH044', 'SP025', 'PT03', 7, N'Offline', 120000.000),
    ('GD1067', '0701', 'NV086', 'KH045', 'SP026', 'PT04', 9, N'Online', 135000.000),
    ('GD1068', '0702', 'NV087', 'KH046', 'SP027', 'PT05', 8, N'Offline', 160000.000),
    ('GD1069', '0703', 'NV088', 'KH047', 'SP028', 'PT01', 5, N'Online', 75000.000),
    ('GD1070', '0704', 'NV086', 'KH048', 'SP029', 'PT02', 4, N'Offline', 80000.000),
    ('GD1071', '0705', 'NV096', 'KH049', 'SP030', 'PT03', 1, N'Online', 15000.000),
    ('GD1072', '0706', 'NV100', 'KH050', 'SP031', 'PT04', 7, N'Offline', 120000.000),
    ('GD1073', '0707', 'NV065', 'KH051', 'SP032', 'PT05', 10, N'Online', 200000.000),
    ('GD1074', '0708', 'NV066', 'KH052', 'SP033', 'PT01', 2, N'Offline', 40000.000),
    ('GD1075', '0709', 'NV067', 'KH053', 'SP034', 'PT02', 9, N'Online', 135000.000),
    ('GD1076', '0710', 'NV068', 'KH054', 'SP035', 'PT03', 3, N'Offline', 60000.000),
    ('GD1077', '0711', 'NV069', 'KH055', 'SP036', 'PT04', 6, N'Online', 90000.000),
    ('GD1078', '0712', 'NV070', 'KH056', 'SP037', 'PT05', 5, N'Offline', 100000.000),
    ('GD1079', '0713', 'NV071', 'KH057', 'SP038', 'PT01', 8, N'Online', 120000.000),
    ('GD1080', '0714', 'NV072', 'KH058', 'SP039', 'PT02', 6, N'Offline', 150000.000),
    ('GD1081', '0715', 'NV073', 'KH059', 'SP040', 'PT03', 9, N'Online', 90000.000),
    ('GD1082', '0716', 'NV074', 'KH060', 'SP041', 'PT04', 8, N'Offline', 160000.000),
    ('GD1083', '0717', 'NV075', 'KH061', 'SP042', 'PT05', 5, N'Online', 75000.000),
    ('GD1084', '0718', 'NV076', 'KH062', 'SP043', 'PT01', 10, N'Offline', 200000.000),
    ('GD1085', '0719', 'NV077', 'KH063', 'SP044', 'PT02', 2, N'Online', 40000.000),
    ('GD1086', '0720', 'NV078', 'KH064', 'SP045', 'PT03', 7, N'Offline', 120000.000),
    ('GD1087', '0721', 'NV079', 'KH065', 'SP046', 'PT04', 9, N'Online', 135000.000),
    ('GD1088', '0722', 'NV080', 'KH066', 'SP047', 'PT05', 8, N'Offline', 160000.000),
    ('GD1089', '0723', 'NV081', 'KH067', 'SP048', 'PT01', 5, N'Online', 75000.000),
    ('GD1090', '0724', 'NV082', 'KH068', 'SP049', 'PT02', 4, N'Offline', 80000.000),
('GD1091', '0725', 'NV083', 'KH069', 'SP050', 'PT03', 1, N'Online', 15000.000),
    ('GD1092', '0726', 'NV084', 'KH070', 'SP051', 'PT04', 7, N'Offline', 120000.000),
    ('GD1093', '0727', 'NV085', 'KH071', 'SP052', 'PT05', 10, N'Online', 200000.000),
    ('GD1094', '0728', 'NV086', 'KH072', 'SP053', 'PT01', 2, N'Offline', 40000.000),
    ('GD1095', '0729', 'NV087', 'KH073', 'SP054', 'PT02', 9, N'Online', 135000.000),
    ('GD1096', '0730', 'NV088', 'KH074', 'SP055', 'PT03', 3, N'Offline', 60000.000),

    ('GD1097', '0731', 'NV089', 'KH075', 'SP056', 'PT04', 6, N'Online', 90000.000),
    ('GD1098', '0732', 'NV090', 'KH076', 'SP057', 'PT05', 5, N'Offline', 100000.000),
    ('GD1099', '0733', 'NV091', 'KH077', 'SP058', 'PT01', 8, N'Online', 120000.000),
    ('GD1100', '0734', 'NV092', 'KH078', 'SP059', 'PT02', 6, N'Offline', 150000.000),

    ('GG1102', '0732', 'NV066', 'KH002', 'SP122', 'PT02', 2, N'Online', 120000.000),
    ('GG1103', '0733', 'NV067', 'KH003', 'SP123', 'PT03', 5, N'Offline', 250000.000),
    ('GG1104', '0734', 'NV068', 'KH004', 'SP124', 'PT04', 2, N'Online', 180000.000),
    ('GG1105', '0735', 'NV069', 'KH005', 'SP125', 'PT05', 2, N'Offline', 300000.000),
    ('GG1106', '0736', 'NV070', 'KH006', 'SP126', 'PT01', 1, N'Online', 220000.000),
    ('GG1107', '0737', 'NV071', 'KH007', 'SP127', 'PT02', 2, N'Offline', 400000.000),
    ('GG1108', '0738', 'NV072', 'KH008', 'SP128', 'PT03', 1, N'Online', 150000.000),
    ('GG1109', '0739', 'NV073', 'KH009', 'SP129', 'PT04', 3, N'Offline', 500000.000),
    ('GG1110', '0740', 'NV074', 'KH010', 'SP002', 'PT05', 2, N'Online', 330000.000),
    ('GG1111', '0741', 'NV075', 'KH011', 'SP001', 'PT01', 4, N'Offline', 270000.000),
    ('GG1112', '0742', 'NV076', 'KH012', 'SP002', 'PT02', 4, N'Online', 200000.000),
    ('GG1113', '0743', 'NV069', 'KH005', 'SP025', 'PT05', 2, N'Offline', 250000.000),
    ('GG1114', '0744', 'NV070', 'KH006', 'SP026', 'PT01', 8, N'Online', 220000.000),
    ('GG1115', '0745', 'NV071', 'KH007', 'SP027', 'PT02', 2, N'Offline', 300000.000),
    ('GG1116', '0746', 'NV072', 'KH008', 'SP028', 'PT03', 8, N'Online', 120000.000),
    ('GG1117', '0747', 'NV073', 'KH009', 'SP029', 'PT04', 1, N'Offline', 150000.000),
    ('GG1118', '0748', 'NV074', 'KH010', 'SP006', 'PT05', 4, N'Online', 160000.000),
    ('GG1119', '0749', 'NV075', 'KH011', 'SP001', 'PT01', 2, N'Offline', 280000.000),
    ('GG1120', '0750', 'NV076', 'KH012', 'SP002', 'PT02', 6, N'Online', 190000.000),
    ('GG1121', '0751', 'NV077', 'KH013', 'SP003', 'PT03', 2, N'Offline', 170000.000),
    ('GG1122', '0752', 'NV078', 'KH014', 'SP004', 'PT04', 1, N'Online', 150000.000),
    ('GG1123', '0753', 'NV079', 'KH015', 'SP005', 'PT05', 8, N'Offline', 220000.000),
    ('GG1124', '0754', 'NV080', 'KH016', 'SP006', 'PT01', 4, N'Online', 160000.000),
    ('GG1125', '0755', 'NV081', 'KH017', 'SP007', 'PT02', 2, N'Offline', 250000.000),
    ('GG1126', '0756', 'NV082', 'KH018', 'SP008', 'PT03', 5, N'Offline', 200000.000),
    ('GG1127', '0757', 'NV083', 'KH019', 'SP009', 'PT04', 2, N'Online', 180000.000),
    ('GG1128', '0758', 'NV084', 'KH020', 'SP001', 'PT05', 2, N'Offline', 250000.000),
    ('GG1129', '0759', 'NV085', 'KH021', 'SP001', 'PT01', 8, N'Online', 220000.000),
    ('GG1130', '0760', 'NV086', 'KH022', 'SP002', 'PT02', 2, N'Offline', 300000.000),
    ('GG1131', '0761', 'NV087', 'KH023', 'SP003', 'PT03', 8, N'Online', 120000.000),
    ('GG1132', '0762', 'NV088', 'KH024', 'SP004', 'PT04', 1, N'Offline', 150000.000),
    ('GG1133', '0763', 'NV089', 'KH025', 'SP005', 'PT05', 4, N'Online', 160000.000),
    ('GG1134', '0764', 'NV090', 'KH026', 'SP006', 'PT01', 2, N'Offline', 280000.000),
    ('GG1135', '0765', 'NV091', 'KH027', 'SP007', 'PT02', 6, N'Online', 190000.000),
    ('GG1136', '0766', 'NV092', 'KH028', 'SP008', 'PT03', 5, N'Offline', 200000.000),
    ('GG1137', '0767', 'NV093', 'KH029', 'SP009', 'PT04', 2, N'Online', 180000.000),
    ('GG1138', '0768', 'NV094', 'KH030', 'SP010', 'PT05', 2, N'Offline', 250000.000),
    ('GG1139', '0769', 'NV095', 'KH031', 'SP011', 'PT01', 8, N'Online', 220000.000),
    ('GG1140', '0770', 'NV096', 'KH032', 'SP012', 'PT02', 2, N'Offline', 300000.000),
    ('GG1141', '0771', 'NV097', 'KH033', 'SP013', 'PT03', 7, N'Online', 120000.000),
    ('GG1142', '0772', 'NV098', 'KH034', 'SP014', 'PT04', 1, N'Offline', 150000.000),
    ('GG1143', '0773', 'NV099', 'KH035', 'SP015', 'PT05', 4, N'Online', 160000.000),
    ('GG1144', '0774', 'NV100', 'KH036', 'SP016', 'PT01', 2, N'Offline', 280000.000),
    ('GG1145', '0775', 'NV065', 'KH037', 'SP017', 'PT02', 6, N'Online', 190000.000),
    ('GG1146', '0776', 'NV065', 'KH038', 'SP018', 'PT03', 5, N'Offline', 200000.000),
    ('GG1147', '0777', 'NV066', 'KH039', 'SP019', 'PT04', 2, N'Online', 180000.000),
    ('GG1148', '0778', 'NV067', 'KH040', 'SP020', 'PT05', 2, N'Offline', 250000.000),
    ('GG1149', '0779',  'NV068', 'KH041', 'SP021', 'PT01', 8, N'Online', 220000.000),
    ('GG1150', '0780', 'NV069', 'KH042', 'SP022', 'PT02', 5, N'Offline', 300000.000),
    ('GG1151', '0781',  'NV070', 'KH043', 'SP099', 'PT03', 8, N'Online', 120000.000),
    ('GD1152', '0782',  'NV085', 'KH058', 'SP180', 'PT05', 6, N'Offline', 150000.000),
    ('GD1153', '0783', 'NV085', 'KH058', 'SP007', 'PT05', 6, N'Offline', 150000.000),
    ('GD1154', '0784', 'NV085', 'KH058', 'SP026', 'PT01', 8, N'Offline', 220000.000),
    ('GD1155', '0785', 'NV084', 'KH057', 'SP027', 'PT03', 5, N'Online', 300000.000),
    ('GD1156', '0786', 'NV085', 'KH058', 'SP028', 'PT03', 5, N'Offline', 200000.000),
    ('GD1157', '0787',  'NV086', 'KH059', 'SP029', 'PT04', 2, N'Online', 180000.000),
    ('GD1158', '0788', 'NV087', 'KH060', 'SP010', 'PT03', 2, N'Offline', 250000.000),
    ('GD1159', '0789', 'NV088', 'KH061', 'SP011', 'PT04', 8, N'Online', 220000.000),
    ('GD1160', '0790', 'NV086', 'KH062', 'SP012', 'PT02', 5, N'Offline', 300000.000),
    ('GD1161', '0791', 'NV096', 'KH063', 'SP013', 'PT03', 8, N'Online', 120000.000),
    ('GD1162', '0792', 'NV100', 'KH064', 'SP014', 'PT04', 10, N'Offline', 150000.000),
    ('GD1163', '0793', 'NV065', 'KH065', 'SP015', 'PT03', 4, N'Online', 160000.000),
    ('GD1164', '0794', 'NV066', 'KH066', 'SP016', 'PT04', 2, N'Offline', 280000.000),
    ('GD1165', '0795', 'NV067', 'KH067', 'SP017', 'PT02', 6, N'Online', 190000.000),
    ('GD1166', '0796', 'NV068', 'KH068', 'SP018', 'PT03', 2, N'Offline', 170000.000),
    ('GD1167', '0797', 'NV069', 'KH069', 'SP019', 'PT04', 10, N'Online', 150000.000),
    ('GD1168', '0798', 'NV070', 'KH070', 'SP170', 'PT03', 8, N'Offline', 220000.000),
    ('GD1169', '0799', 'NV071', 'KH071', 'SP171', 'PT04', 14, N'Online', 160000.000),
    ('GD1170', '0800', 'NV072', 'KH072', 'SP172', 'PT02', 6, N'Offline', 250000.000),
    ('GD1171', '0801', 'NV073', 'KH073', 'SP173', 'PT03', 5, N'Online', 200000.000),
    ('GD1172', '0802', 'NV074', 'KH074', 'SP174', 'PT04', 2, N'Offline', 180000.000),
    ('GD1173', '0803', 'NV075', 'KH075', 'SP175', 'PT03', 2, N'Online', 250000.000),
    ('GD1174', '0804', 'NV076', 'KH076', 'SP176', 'PT04', 8, N'Offline', 220000.000),
    ('GD1175', '0805', 'NV077', 'KH077', 'SP177', 'PT02', 5, N'Online', 300000.000),
    ('GD1176', '0806', 'NV078', 'KH078', 'SP178', 'PT03', 15, N'Offline', 200000.000),
    ('GD1177', '0807', 'NV079', 'KH079', 'SP179', 'PT04', 12, N'Online', 180000.000),
    ('GD1178', '0808', 'NV080', 'KH080', 'SP180', 'PT03', 2, N'Offline', 250000.000),
    ('GD1179', '0809', 'NV081', 'KH081', 'SP181', 'PT04', 8, N'Online', 220000.000),
    ('GD1180', '0810', 'NV082', 'KH082', 'SP182', 'PT02', 5, N'Offline', 300000.000),
    ('GD1181', '0811', 'NV083', 'KH083', 'SP183', 'PT03', 8, N'Online', 120000.000),
    ('GD1182', '0812', 'NV084', 'KH084', 'SP184', 'PT04', 1, N'Offline', 150000.000),
    ('GD1183', '0813', 'NV085', 'KH085', 'SP185', 'PT03', 4, N'Online', 160000.000),
    ('GD1184', '0814',  'NV086', 'KH086', 'SP186', 'PT04', 2, N'Offline', 280000.000),
    ('GD1185', '0815', 'NV087', 'KH087', 'SP187', 'PT02', 6, N'Online', 190000.000),
    ('GD1186', '0816', 'NV088', 'KH088', 'SP188', 'PT03', 2, N'Offline', 170000.000),
    ('GD1187', '0817',  'NV089', 'KH089', 'SP189', 'PT04', 10, N'Online', 150000.000),

    ('GD1188', '0818', 'NV090', 'KH090', 'SP190', 'PT03', 8, N'Offline', 220000.000),
    ('GD1189', '0819', 'NV091', 'KH091', 'SP191', 'PT04', 4, N'Online', 160000.000),
    ('GD1190', '0820', 'NV092', 'KH092', 'SP192', 'PT02', 2, N'Offline', 250000.000),
       ('GD1191', '0820', 'NV087', 'KH081', 'SP181', 'PT03', 9, N'Online', 135000.000),
    ('GD1192', '0821', 'NV088', 'KH082', 'SP182', 'PT04', 3, N'Offline', 60000.000),
    ('GD1193', '0822', 'NV089', 'KH083', 'SP183', 'PT05', 6, N'Online', 90000.000),
    ('GD1194', '0823', 'NV090', 'KH084', 'SP184', 'PT01', 5, N'Offline', 100000.000),
    ('GD1195', '0824', 'NV091', 'KH085', 'SP185', 'PT02', 8, N'Online', 120000.000),
    ('GD1196', '0811', 'NV092', 'KH086', 'SP186', 'PT03', 6, N'Offline', 150000.000),
    ('GD1197', '0812', 'NV093', 'KH087', 'SP187', 'PT04', 3, N'Online', 45000.000),
    ('GD1198', '0813', 'NV094', 'KH088', 'SP188', 'PT05', 10, N'Offline', 180000.000),
    ('GD1199', '0814', 'NV095', 'KH089', 'SP189', 'PT01', 2, N'Online', 30000.000),

    ('GD1200', '0815', 'NV096', 'KH090', 'SP090', 'PT02', 7, N'Offline', 140000.000),
    ('GD1201', '0816', 'NV097', 'KH091', 'SP091', 'PT03', 9, N'Online', 90000.000),
    ('GD1202', '0817',  'NV098', 'KH092', 'SP192', 'PT04', 8, N'Offline', 160000.000),
    ('GD1203', '0818', 'NV099', 'KH093', 'SP193', 'PT05', 5, N'Online', 75000.000),
    ('GD1204', '0819', 'NV100', 'KH094', 'SP194', 'PT01', 4, N'Offline', 80000.000),
    ('GD1205', '0820', 'NV065', 'KH095', 'SP195', 'PT02', 1, N'Online', 15000.000),

    ('GD1206', '0821', 'NV065', 'KH096', 'SP196', 'PT03', 5, N'Offline', 100000.000),
    ('GD1207', '0822', 'NV066', 'KH097', 'SP197', 'PT04', 8, N'Online', 120000.000),
    ('GD1208', '0823', 'NV067', 'KH098', 'SP198', 'PT05', 6, N'Offline', 150000.000),
    ('GD1209', '0824', 'NV068', 'KH099', 'SP199', 'PT01', 3, N'Online', 45000.000),
    ('GD1210', '0825', 'NV069', 'KH100', 'SP008', 'PT02', 10, N'Offline', 180000.000),
    ('GD1211', '0826', 'NV070', 'KH101', 'SP051', 'PT03', 2, N'Online', 30000.000),
    ('GD1212', '0827', 'NV071', 'KH102', 'SP052', 'PT04', 7, N'Offline', 140000.000),
    ('GD1213', '0828', 'NV072', 'KH103', 'SP053', 'PT05', 9, N'Online', 90000.000),
    ('GD1214', '0829', 'NV073', 'KH104', 'SP054', 'PT01', 8, N'Offline', 160000.000),
   ('GD1215', '0830', 'NV074', 'KH105', 'SP055', 'PT02', 5, N'Online', 75000.000),
    ('GD1216', '0831', 'NV075', 'KH106', 'SP056', 'PT03', 4, N'Offline', 80000.000),
    ('GD1217', '0832', 'NV076', 'KH107', 'SP057', 'PT04', 1, N'Online', 15000.000),
    ('GD1218', '0833', 'NV077', 'KH108', 'SP058', 'PT05', 7, N'Offline', 120000.000),
    ('GD1219', '0834', 'NV078', 'KH109', 'SP059', 'PT01', 10, N'Online', 200000.000),
    ('GD1220', '0835',  'NV079', 'KH110', 'SP003', 'PT02', 2, N'Offline', 40000.000),
    ('GD1221', '0836', 'NV080', 'KH111', 'SP061', 'PT03', 9, N'Online', 135000.000),
    ('GD1222', '0837', 'NV081', 'KH112', 'SP062', 'PT04', 3, N'Offline', 60000.000),
    ('GD1223', '0838',  'NV082', 'KH113', 'SP063', 'PT05', 6, N'Online', 90000.000),
    ('GD1224', '0839', 'NV083', 'KH114', 'SP064', 'PT01', 5, N'Offline', 100000.000),
    ('GD1225', '0840', 'NV084', 'KH115', 'SP065', 'PT02', 8, N'Online', 120000.000),
    ('GD1226', '0841', 'NV085', 'KH116', 'SP066', 'PT03', 6, N'Offline', 150000.000),
    ('GD1227', '0842', 'NV086', 'KH117', 'SP067', 'PT04', 3, N'Online', 45000.000),
    ('GD1228', '0843', 'NV087', 'KH118', 'SP068', 'PT05', 10, N'Offline', 180000.000),
    ('GD1229', '0844', 'NV088', 'KH119', 'SP069', 'PT01', 2, N'Online', 30000.000),
    ('GD1230', '0845', 'NV086', 'KH120', 'SP104', 'PT02', 7, N'Offline', 140000.000),
    ('GD1231', '0846', 'NV096', 'KH121', 'SP021', 'PT03', 9, N'Online', 90000.000),
    ('GD1232', '0847', 'NV100', 'KH122', 'SP022', 'PT04', 8, N'Offline', 160000.000),
    ('GD1233', '0848', 'NV065', 'KH123', 'SP023', 'PT05', 5, N'Online', 75000.000),
    ('GD1234', '0849', 'NV066', 'KH124', 'SP024', 'PT01', 4, N'Offline', 80000.000),
    ('GD1235', '0850', 'NV067', 'KH125', 'SP025', 'PT02', 1, N'Online', 15000.000),

    ('GD1236', '0851', 'NV068', 'KH126', 'SP126', 'PT03', 5, N'Offline', 100000.000),
    ('GD1237', '0852', 'NV069', 'KH127', 'SP127', 'PT04', 8, N'Online', 120000.000),
    ('GD1238', '0853', 'NV070', 'KH128', 'SP128', 'PT05', 6, N'Offline', 150000.000),
    ('GD1239', '0854', 'NV071', 'KH129', 'SP129', 'PT01', 3, N'Online', 45000.000),
    ('GD1240', '0855', 'NV072', 'KH130', 'SP121', 'PT02', 10, N'Offline', 180000.000),
    ('GD1241', '0856', 'NV073', 'KH131', 'SP021', 'PT03', 2, N'Online', 30000.000),
    ('GD1242', '0857', 'NV074', 'KH132', 'SP022', 'PT04', 7, N'Offline', 140000.000),
    ('GD1243', '0858', 'NV075', 'KH133', 'SP023', 'PT05', 9, N'Online', 90000.000),
    ('GD1244', '0859',  'NV076', 'KH134', 'SP024', 'PT01', 8, N'Offline', 160000.000),
    ('GD1245', '0860', 'NV077', 'KH135', 'SP125', 'PT02', 5, N'Online', 75000.000),
    ('GD1246', '0861', 'NV078', 'KH136', 'SP126', 'PT03', 4, N'Offline', 80000.000),
    ('GD1247', '0862', 'NV079', 'KH137', 'SP127', 'PT04', 1, N'Online', 15000.000),
    ('GD1248', '0863', 'NV080', 'KH138', 'SP128', 'PT05', 7, N'Offline', 120000.000),
    ('GD1249', '0864', 'NV081', 'KH139', 'SP219', 'PT01', 10, N'Online', 200000.000),
    ('GD1250', '0865', 'NV082', 'KH140', 'SP020', 'PT02', 2, N'Offline', 40000.000),
    ('GD1251', '0866', 'NV083', 'KH141', 'SP021', 'PT03', 9, N'Online', 135000.000),
    ('GD1252', '0867', 'NV084', 'KH142', 'SP022', 'PT04', 3, N'Offline', 60000.000),
    ('GD1253', '0868', 'NV085', 'KH143', 'SP023', 'PT05', 6, N'Online', 90000.000),
    ('GD1254', '0869','NV086', 'KH144', 'SP024', 'PT01', 5, N'Offline', 100000.000),
    ('GD1255', '0870', 'NV087', 'KH145', 'SP225', 'PT02', 8, N'Online', 120000.000),
    ('GD1256', '0871', 'NV088', 'KH146', 'SP226', 'PT03', 6, N'Offline', 150000.000),
    ('GD1257', '0872', 'NV089', 'KH147', 'SP227', 'PT04', 3, N'Online', 45000.000),
    ('GD1258', '0873', 'NV090', 'KH148', 'SP228', 'PT05', 10, N'Offline', 180000.000),
    ('GD1259', '0874', 'NV091', 'KH149', 'SP229', 'PT01', 2, N'Online', 30000.000),
    ('GD1260', '0875', 'NV092', 'KH150', 'SP020', 'PT02', 7, N'Offline', 140000.000),
    ('GD1261', '0876', 'NV093', 'KH151', 'SP021', 'PT03', 9, N'Online', 90000.000),
    ('GD1262', '0877',  'NV094', 'KH152', 'SP022', 'PT04', 8, N'Offline', 160000.000),
    ('GD1263', '0878', 'NV095', 'KH153', 'SP023', 'PT05', 5, N'Online', 75000.000),
    ('GD1264', '0879', 'NV096', 'KH154', 'SP024', 'PT01', 4, N'Offline', 80000.000),
    ('GD1265', '0880', 'NV097', 'KH155', 'SP125', 'PT02', 1, N'Online', 15000.000),
    ('GD1266', '0881', 'NV098', 'KH156', 'SP126', 'PT03', 5, N'Offline', 100000.000),
    ('GD1267', '0882', 'NV099', 'KH157', 'SP127', 'PT04', 8, N'Online', 120000.000),
    ('GD1268', '0883', 'NV100', 'KH158', 'SP128', 'PT05', 6, N'Offline', 150000.000),
    ('GD1269', '0884', 'NV065', 'KH159', 'SP129', 'PT01', 3, N'Online', 45000.000),
    ('GD1270', '0885', 'NV066', 'KH160', 'SP102', 'PT02', 10, N'Offline', 180000.000),
    ('GD1271', '0886', 'NV067', 'KH161', 'SP181', 'PT03', 2, N'Online', 30000.000),
    ('GD1272', '0887', 'NV068', 'KH162', 'SP182', 'PT04', 7, N'Offline', 140000.000),
    ('GD1273', '0888', 'NV069', 'KH163', 'SP183', 'PT05', 9, N'Online', 90000.000),
    ('GD1274', '0889', 'NV070', 'KH164', 'SP184', 'PT01', 8, N'Offline', 160000.000),
 ('GD1275', '0890', 'NV071', 'KH165', 'SP185', 'PT02', 5, N'Online', 75000.000),
    ('GD1276', '0891', 'NV072', 'KH166', 'SP186', 'PT03', 4, N'Offline', 80000.000),
    ('GD1277', '0892', 'NV073', 'KH167', 'SP187', 'PT04', 1, N'Online', 15000.000),
    ('GD1278', '0893', 'NV074', 'KH168', 'SP188', 'PT05', 7, N'Offline', 120000.000),
    ('GD1279', '0894', 'NV075', 'KH169', 'SP189', 'PT01', 10, N'Online', 200000.000),
    ('GD1280', '0895', 'NV076', 'KH170', 'SP170', 'PT02', 2, N'Offline', 40000.000),
    ('GD1281', '0896', 'NV077', 'KH171', 'SP181', 'PT03', 9, N'Online', 135000.000),
    ('GD1282', '0897', 'NV078', 'KH172', 'SP182', 'PT04', 3, N'Offline', 60000.000),
    ('GD1283', '0898', 'NV079', 'KH001', 'SP201', 'PT05', 6, N'Online', 90000.000),
    ('GD1284', '0899',  'NV080', 'KH002', 'SP202', 'PT01', 5, N'Offline', 100000.000),
    ('GD1285', '0900', 'NV081', 'KH003', 'SP203', 'PT02', 8, N'Online', 120000.000),
    ('GD1286', '0901', 'NV082', 'KH004', 'SP204', 'PT03', 7, N'Offline', 140000.000),
    ('GD1287', '0902', 'NV083', 'KH005', 'SP205', 'PT04', 2, N'Online', 30000.000),
    ('GD1288', '0903', 'NV084', 'KH006', 'SP206', 'PT05', 1, N'Offline', 15000.000),
    ('GD1289', '0904', 'NV085', 'KH007', 'SP207', 'PT01', 4, N'Online', 60000.000),
    ('GD1290', '0905', 'NV086', 'KH008', 'SP028', 'PT02', 3, N'Offline', 45000.000),
    ('GD1291', '0906', 'NV087', 'KH009', 'SP209', 'PT03', 10, N'Online', 200000.000),
    ('GD1292', '0907', 'NV088', 'KH010', 'SP200', 'PT04', 9, N'Offline', 160000.000),
    ('GD1293', '0908', 'NV089', 'KH011', 'SP201', 'PT05', 5, N'Online', 75000.000),
    ('GD1294', '0909', 'NV090', 'KH012', 'SP202', 'PT01', 8, N'Offline', 120000.000),
    ('GD1295', '0910',  'NV091', 'KH013', 'SP203', 'PT02', 7, N'Online', 140000.000),
    ('GD1296', '0911', 'NV092', 'KH014', 'SP104', 'PT03', 3, N'Offline', 45000.000),
    ('GD1297', '0912', 'NV093', 'KH015', 'SP105', 'PT04', 6, N'Online', 90000.000),
    ('GD1298', '0913', 'NV094', 'KH016', 'SP106', 'PT05', 9, N'Offline', 180000.000),
    ('GD1299', '0914', 'NV095', 'KH017', 'SP107', 'PT01', 1, N'Online', 15000.000),
    ('GD1300', '0915', 'NV096', 'KH018', 'SP108', 'PT02', 2, N'Offline', 30000.000),
   

 ('GD1301', '0916', 'NV097', 'KH019', 'SP209', 'PT03', 4, N'Online', 80000.000),
    ('GD1302', '0917', 'NV098', 'KH020', 'SP210', 'PT04', 8, N'Offline', 160000.000),
    ('GD1303', '0918', 'NV099', 'KH021', 'SP121', 'PT05', 5, N'Online', 75000.000),
    ('GD1304', '0919', 'NV100', 'KH022', 'SP221', 'PT01', 10, N'Offline', 200000.000),
    ('GD1305', '0920', 'NV065', 'KH023', 'SP222', 'PT02', 2, N'Online', 40000.000),
    ('GD1306', '0921', 'NV065', 'KH024', 'SP122', 'PT03', 6, N'Offline', 150000.000),
    ('GD1307', '0922', 'NV066', 'KH025', 'SP212', 'PT04', 3, N'Online', 45000.000),
    ('GD1308', '0923', 'NV067', 'KH026', 'SP221', 'PT05', 7, N'Offline', 140000.000),
    ('GD1309', '0924', 'NV068', 'KH027', 'SP017', 'PT01', 9, N'Online', 90000.000),
    ('GD1310', '0925', 'NV069', 'KH028', 'SP018', 'PT02', 8, N'Offline', 120000.000),
    ('GD1311', '0926', 'NV070', 'KH029', 'SP019', 'PT03', 5, N'Online', 75000.000),
    ('GD1312', '0927',  'NV071', 'KH030', 'SP020', 'PT04', 4, N'Offline', 80000.000),
    ('GD1313', '0928', 'NV072', 'KH031', 'SP021', 'PT05', 1, N'Online', 15000.000),
    ('GD1314', '0929', 'NV073', 'KH032', 'SP022', 'PT01', 7, N'Offline', 120000.000),
    ('GD1315', '0930', 'NV074', 'KH033', 'SP023', 'PT02', 10, N'Online', 200000.000),

    ('GD1316', '0931', 'NV075', 'KH034', 'SP024', 'PT03', 5, N'Offline', 100000.000),
    ('GD1317', '0932', 'NV076', 'KH035', 'SP225', 'PT04', 8, N'Online', 120000.000),
    ('GD1318', '0933', 'NV077', 'KH036', 'SP226', 'PT05', 6, N'Offline', 150000.000),
    ('GD1319', '0934', 'NV078', 'KH037', 'SP227', 'PT01', 3, N'Online', 45000.000),
    ('GD1320', '0935', 'NV079', 'KH038', 'SP228', 'PT02', 10, N'Offline', 180000.000),
    ('GD1321', '0936', 'NV080', 'KH039', 'SP229', 'PT03', 2, N'Online', 30000.000),
    ('GD1322', '0937', 'NV081', 'KH040', 'SP020', 'PT04', 7, N'Offline', 140000.000),
    ('GD1323', '0938', 'NV082', 'KH041', 'SP021', 'PT05', 9, N'Online', 90000.000),
    ('GD1324', '0939', 'NV083', 'KH042', 'SP022', 'PT01', 8, N'Offline', 160000.000),
    ('GD1325', '0940', 'NV084', 'KH043', 'SP023', 'PT02', 5, N'Online', 75000.000),
    ('GD1326', '0941', 'NV085', 'KH044', 'SP024', 'PT03', 4, N'Offline', 80000.000),
    ('GD1327', '0942', 'NV086', 'KH045', 'SP125', 'PT04', 1, N'Online', 15000.000),
    ('GD1328', '0943', 'NV087', 'KH046', 'SP126', 'PT05', 7, N'Offline', 120000.000),
    ('GD1329', '0944', 'NV088', 'KH047', 'SP127', 'PT01', 10, N'Online', 200000.000),
    ('GD1330', '0945', 'NV086', 'KH048', 'SP128', 'PT02', 2, N'Offline', 40000.000),
    ('GD1331', '0946', 'NV096', 'KH049', 'SP129', 'PT03', 9, N'Online', 135000.000),
    ('GD1332', '0947', 'NV100', 'KH050', 'SP020', 'PT04', 3, N'Offline', 60000.000),
    ('GD1333', '0948', 'NV065', 'KH051', 'SP021', 'PT05', 6, N'Online', 90000.000),
    ('GD1334', '0949',  'NV066', 'KH052', 'SP022', 'PT01', 5, N'Offline', 100000.000),
    ('GD1335', '0950', 'NV067', 'KH053', 'SP023', 'PT02', 8, N'Online', 120000.000),
    ('GD1336', '0951', 'NV068', 'KH054', 'SP024', 'PT03', 6, N'Offline', 150000.000),
    ('GD1337', '0952','NV069', 'KH055', 'SP125', 'PT04', 3, N'Online', 45000.000),
    ('GD1338', '0953', 'NV070', 'KH056', 'SP126', 'PT05', 10, N'Offline', 180000.000),
    ('GD1339', '0954', 'NV071', 'KH057', 'SP127', 'PT01', 2, N'Online', 30000.000),
    ('GD1340', '0955', 'NV072', 'KH058', 'SP128', 'PT02', 7, N'Offline', 140000.000),
    ('GD1341', '0956', 'NV073', 'KH059', 'SP129', 'PT03', 9, N'Online', 90000.000),
    ('GD1342', '0957', 'NV074', 'KH060', 'SP130', 'PT04', 8, N'Offline', 160000.000),
    ('GD1343', '0958',  'NV075', 'KH061', 'SP131', 'PT05', 5, N'Online', 75000.000),
    ('GD1344', '0959', 'NV076', 'KH062', 'SP012', 'PT01', 4, N'Offline', 80000.000),
    ('GD1345', '0960', 'NV077', 'KH063', 'SP013', 'PT02', 1, N'Online', 15000.000),
    ('GD1346', '0961','NV078', 'KH064', 'SP014', 'PT03', 7, N'Offline', 120000.000),
    ('GD1347', '0962', 'NV079', 'KH065', 'SP015', 'PT04', 8, N'Online', 200000.000),
    ('GD1348', '0963', 'NV080', 'KH066', 'SP016', 'PT05', 2, N'Offline', 40000.000),
    ('GD1349', '0964', 'NV081', 'KH067', 'SP017', 'PT01', 9, N'Online', 135000.000),
    ('GD1350', '0965', 'NV082', 'KH068', 'SP018', 'PT02', 3, N'Offline', 60000.000),
    ('GD1351', '0966', 'NV083', 'KH069', 'SP019', 'PT03', 6, N'Online', 90000.000),
    ('GD1352', '0967',  'NV084', 'KH070', 'SP170', 'PT04', 8, N'Offline', 120000.000),
    ('GD1353', '0968', 'NV085', 'KH071', 'SP171', 'PT05', 5, N'Online', 75000.000),
    ('GD1354', '0969', 'NV086', 'KH072', 'SP172', 'PT01', 10, N'Offline', 200000.000),
    ('GD1355', '0970', 'NV087', 'KH073', 'SP173', 'PT02', 2, N'Online', 40000.000),
    ('GD1356', '0971', 'NV088', 'KH074', 'SP074', 'PT03', 7, N'Offline', 140000.000),
    ('GD1357', '0972', 'NV089', 'KH075', 'SP175', 'PT04', 9, N'Online', 90000.000),
    ('GD1358', '0973', 'NV090', 'KH076', 'SP076', 'PT05', 8, N'Offline', 160000.000),
    ('GD1359', '0974', 'NV091', 'KH077', 'SP077', 'PT01', 5, N'Online', 75000.000),
    ('GD1360', '0975', 'NV092', 'KH078', 'SP078', 'PT02', 8, N'Offline', 120000.000),
    ('GD1361', '0976', 'NV093', 'KH079', 'SP079', 'PT03', 10, N'Online', 200000.000),
    ('GD1362', '0977', 'NV094', 'KH080', 'SP080', 'PT04', 2, N'Offline', 40000.000),
     ('GD1363', '0977', 'NV079', 'KH001', 'SP082', 'PT05', 5, N'Online', 75000.000),
    ('GD1364', '0978', 'NV080', 'KH002', 'SP083', 'PT01', 5, N'Offline', 200000.000),
    ('GD1365', '0979', 'NV081', 'KH003', 'SP084', 'PT02', 2, N'Online', 40000.000),
    ('GD1366', '0980', 'NV082', 'KH004', 'SP085', 'PT03', 7, N'Offline', 120000.000),
    ('GD1367', '0981', 'NV083', 'KH005', 'SP086', 'PT04', 9, N'Online', 135000.000),
    ('GD1368', '0982', 'NV084', 'KH006', 'SP087', 'PT05', 8, N'Offline', 160000.000),
    ('GD1369', '0983', 'NV085', 'KH007', 'SP088', 'PT01', 5, N'Online', 75000.000),
    ('GD1370', '0984', 'NV086', 'KH008', 'SP019', 'PT02', 4, N'Offline', 80000.000),
    ('GD1371', '0985', 'NV087', 'KH009', 'SP090', 'PT03', 1, N'Online', 15000.000),
    ('GD1372', '0986', 'NV088', 'KH010', 'SP091', 'PT04', 7, N'Offline', 120000.000),
    ('GD1373', '0987', 'NV089', 'KH011', 'SP092', 'PT05', 10, N'Online', 200000.000),
    ('GD1374', '0988', 'NV090', 'KH012', 'SP093', 'PT01', 2, N'Offline', 40000.000),
    ('GD1375', '0989', 'NV091', 'KH013', 'SP094', 'PT02', 9, N'Online', 135000.000),
    ('GD1376', '0990', 'NV092', 'KH014', 'SP095', 'PT03', 3, N'Offline', 60000.000),
    ('GD1377', '0991', 'NV093', 'KH015', 'SP196', 'PT04', 6, N'Online', 90000.000),
    ('GD1378', '0992', 'NV094', 'KH016', 'SP197', 'PT05', 5, N'Offline', 100000.000),
    ('GD1379', '0993', 'NV095', 'KH017', 'SP198', 'PT01', 8, N'Online', 120000.000),
    ('GD1380', '0915', 'NV096', 'KH018', 'SP068', 'PT02', 2, N'Offline', 30000.000),
    ('GD1381', '0916', 'NV097', 'KH019', 'SP009', 'PT03', 4, N'Online', 80000.000),
    ('GD1382', '0917', 'NV098', 'KH020', 'SP100', 'PT04', 8, N'Offline', 160000.000),
    ('GD1383', '0918', 'NV099', 'KH021', 'SP101', 'PT05', 5, N'Online', 75000.000),
    ('GD1384', '0919', 'NV100', 'KH022', 'SP100', 'PT02', 10, N'Offline', 200000.000),
    ('GD1385', '0990', 'NV065', 'KH023', 'SP200', 'PT02', 2, N'Online', 40000.000),
    ('GD1386', '0991', 'NV065', 'KH024', 'SP233', 'PT03', 6, N'Offline', 150000.000),
    ('GD1387', '0992', 'NV066', 'KH025', 'SP222', 'PT04', 3, N'Online', 45000.000),
    ('GD1388', '0993', 'NV067', 'KH026', 'SP122', 'PT05', 7, N'Offline', 140000.000),
    ('GD1389', '0994', 'NV068', 'KH027', 'SP017', 'PT02', 9, N'Online', 90000.000),
    ('GD1390', '0995', 'NV069', 'KH028', 'SP018', 'PT02', 8, N'Offline', 120000.000),

    ('GD1391', '0996', 'NV070', 'KH029', 'SP019', 'PT03', 5, N'Online', 75000.000),
    ('GD1392', '0997', 'NV071', 'KH030', 'SP020', 'PT04', 4, N'Offline', 80000.000),
    ('GD1393', '0998', 'NV072', 'KH031', 'SP021', 'PT05', 1, N'Online', 15000.000),
    ('GD1394', '0999', 'NV073', 'KH032', 'SP022', 'PT02', 7, N'Offline', 120000.000),
    ('GD1395', '1000', 'NV074', 'KH033', 'SP023', 'PT02', 10, N'Online', 200000.000),
     ('GD1396', '1001', 'NV075', 'KH034', 'SP024', 'PT03', 5, N'Offline', 100000.000),
    ('GD1397', '1002', 'NV076', 'KH035', 'SP225', 'PT04', 8, N'Online', 120000.000),
    ('GD1398', '1003', 'NV077', 'KH036', 'SP226', 'PT05', 6, N'Offline', 150000.000),
    ('GD1399', '1004', 'NV078', 'KH037', 'SP227', 'PT02', 3, N'Online', 45000.000),

    ('GD1400', '1005', 'NV079', 'KH038', 'SP228', 'PT02', 10, N'Offline', 180000.000),
    ('GD1401', '0366',  'NV066', 'KH002', 'SP201', 'PT02', 4, N'Offline', 80000.000),
    ('GD1402', '0367', 'NV067', 'KH003', 'SP202', 'PT03', 1, N'Online', 15000.000),
    ('GD1403', '0368', 'NV068', 'KH004', 'SP203', 'PT04', 7, N'Offline', 120000.000),
    ('GD1404', '0369', 'NV069', 'KH005', 'SP204', 'PT05', 10, N'Online', 200000.000),
    ('GD1405', '0370', 'NV070', 'KH006', 'SP205', 'PT01', 2, N'Offline', 40000.000),
    ('GD1406', '0371', 'NV071', 'KH007', 'SP206', 'PT02', 9, N'Online', 135000.000),
    ('GD1407', '0372', 'NV072', 'KH008', 'SP207', 'PT03', 3, N'Offline', 60000.000),
    ('GD1408', '0373',  'NV073', 'KH009', 'SP208', 'PT04', 6, N'Online', 90000.000),
    ('GD1409', '0374', 'NV074', 'KH010', 'SP209', 'PT05', 5, N'Offline', 100000.000),
    ('GD1410', '0375',  'NV075', 'KH011', 'SP210', 'PT01', 8, N'Online', 120000.000),
    ('GD1411', '0376', 'NV076', 'KH012', 'SP211', 'PT02', 6, N'Offline', 150000.000),
    ('GD1412', '0377', 'NV077', 'KH013', 'SP212', 'PT03', 9, N'Online', 90000.000),
    ('GD1413', '0378', 'NV078', 'KH014', 'SP213', 'PT04', 8, N'Offline', 160000.000),
    ('GD1414', '0379', 'NV079', 'KH015', 'SP214', 'PT05', 5, N'Online', 75000.000),
    ('GD1415', '0380', 'NV080', 'KH016', 'SP215', 'PT01', 10, N'Offline', 200000.000),
    ('GD1416', '0381', 'NV081', 'KH017', 'SP216', 'PT02', 2, N'Online', 40000.000),

    ('GD1417', '0382', 'NV082', 'KH018', 'SP217', 'PT03', 7, N'Offline', 120000.000),
    ('GD1418', '0383', 'NV083', 'KH019', 'SP218', 'PT04', 9, N'Online', 135000.000),
    ('GD1419', '0384', 'NV084', 'KH020', 'SP219', 'PT05', 8, N'Offline', 160000.000),
    ('GD1420', '0385', 'NV085', 'KH021', 'SP220', 'PT01', 5, N'Online', 75000.000),
    ('GD1421', '0386', 'NV086', 'KH022', 'SP221', 'PT02', 4, N'Offline', 80000.000),
    ('GD1422', '0387', 'NV087', 'KH023', 'SP222', 'PT03', 1, N'Online', 15000.000),
    ('GD1423', '0388', 'NV088', 'KH024', 'SP223', 'PT04', 7, N'Offline', 120000.000),
    ('GD1424', '0389', 'NV089', 'KH025', 'SP224', 'PT05', 10, N'Online', 200000.000),
    ('GD1425', '0390', 'NV090', 'KH026', 'SP225', 'PT01', 2, N'Offline', 40000.000),
    ('GD1426', '0391', 'NV091', 'KH027', 'SP026', 'PT02', 9, N'Online', 135000.000),
    ('GD1427', '0392', 'NV092', 'KH028', 'SP027', 'PT03', 3, N'Offline', 60000.000),
    ('GD1428', '0393', 'NV093', 'KH029', 'SP028', 'PT04', 6, N'Online', 90000.000),
    ('GD1429', '0394', 'NV094', 'KH030', 'SP029', 'PT05', 5, N'Offline', 100000.000),
    ('GD1430', '0395', 'NV095', 'KH031', 'SP020', 'PT01', 8, N'Online', 120000.000),
    ('GD1431', '0396', 'NV096', 'KH032', 'SP021', 'PT02', 6, N'Offline', 150000.000),
    ('GD1432', '0397', 'NV097', 'KH033', 'SP022', 'PT03', 9, N'Online', 90000.000),
    ('GD1433', '0398', 'NV098', 'KH034', 'SP023', 'PT04', 8, N'Offline', 160000.000),
    ('GD1434', '0399', 'NV099', 'KH035', 'SP024', 'PT05', 5, N'Online', 75000.000),
    ('GD1435', '0400', 'NV100', 'KH036', 'SP025', 'PT01', 10, N'Offline', 200000.000),
    ('GD1436', '0401', 'NV065', 'KH037', 'SP026', 'PT02', 2, N'Online', 40000.000),
    ('GD1437', '0402', 'NV065', 'KH038', 'SP027', 'PT03', 7, N'Offline', 120000.000),
    ('GD1438', '0403', 'NV066', 'KH039', 'SP028', 'PT04', 9, N'Online', 135000.000),
    ('GD1439', '0404', 'NV067', 'KH040', 'SP029', 'PT05', 8, N'Offline', 160000.000),
    ('GD1440', '0405', 'NV068', 'KH041', 'SP020', 'PT01', 5, N'Online', 75000.000),
    ('GD1441', '0406', 'NV069', 'KH042', 'SP021', 'PT02', 4, N'Offline', 80000.000),
    ('GD1442', '0407','NV070', 'KH043', 'SP022', 'PT03', 1, N'Online', 15000.000),
    ('GD1443', '0408', 'NV071', 'KH044', 'SP023', 'PT04', 7, N'Offline', 120000.000),
    ('GD1444', '0409', 'NV072', 'KH045', 'SP024', 'PT05', 10, N'Online', 200000.000),
    ('GD1445', '0410', 'NV073', 'KH046', 'SP024', 'PT01', 2, N'Offline', 40000.000),
    ('GD1446', '0411', 'NV074', 'KH047', 'SP024', 'PT02', 9, N'Online', 135000.000),
    ('GD1447', '0412', 'NV075', 'KH048', 'SP247', 'PT03', 3, N'Offline', 60000.000),
    ('GD1448', '0413', 'NV076', 'KH049', 'SP248', 'PT04', 6, N'Online', 90000.000),
    ('GD1449', '0414', 'NV077', 'KH050', 'SP249', 'PT05', 5, N'Offline', 100000.000),
    ('GD1450', '0415', 'NV078', 'KH051', 'SP150', 'PT01', 8, N'Online', 120000.000),
    ('GD1451', '0416', 'NV079', 'KH052', 'SP251', 'PT02', 6, N'Offline', 150000.000),
    ('GD1452', '0417', 'NV080', 'KH053', 'SP252', 'PT03', 9, N'Online', 90000.000),
    ('GD1453', '0418', 'NV081', 'KH054', 'SP253', 'PT04', 8, N'Offline', 160000.000),
    ('GD1454', '0419', 'NV082', 'KH055', 'SP254', 'PT05', 5, N'Online', 75000.000),
    ('GD1455', '0420', 'NV083', 'KH056', 'SP255', 'PT01', 10, N'Offline', 200000.000),
    ('GD1456', '0421', 'NV084', 'KH057', 'SP256', 'PT02', 2, N'Online', 40000.000),
    ('GD1457', '0422', 'NV085', 'KH058', 'SP257', 'PT03', 7, N'Offline', 120000.000),
    ('GD1458', '0423', 'NV086', 'KH059', 'SP258', 'PT04', 9, N'Online', 135000.000),
    ('GD1459', '0424', 'NV087', 'KH060', 'SP259', 'PT05', 8, N'Offline', 160000.000),
    ('GD1460', '0425', 'NV088', 'KH061', 'SP260', 'PT01', 5, N'Online', 75000.000),
    ('GD1461', '0426', 'NV086', 'KH062', 'SP261', 'PT02', 4, N'Offline', 80000.000),
    ('GD1462', '0427', 'NV096', 'KH063', 'SP262', 'PT03', 1, N'Online', 15000.000),
    ('GD1463', '0428', 'NV100', 'KH064', 'SP263', 'PT04', 7, N'Offline', 120000.000),
    ('GD1464', '0429', 'NV065', 'KH065', 'SP264', 'PT05', 10, N'Online', 200000.000),
    ('GD1465', '0430', 'NV066', 'KH066', 'SP265', 'PT01', 2, N'Offline', 40000.000),
    ('GD1466', '0431', 'NV067', 'KH067', 'SP266', 'PT02', 9, N'Online', 135000.000),
    ('GD1467', '0432', 'NV068', 'KH068', 'SP267', 'PT03', 3, N'Offline', 60000.000),
    ('GD1468', '0433', 'NV069', 'KH069', 'SP268', 'PT04', 6, N'Online', 90000.000),
    ('GD1469', '0434', 'NV070', 'KH070', 'SP269', 'PT05', 5, N'Offline', 100000.000),
    ('GD1470', '0435',  'NV071', 'KH071', 'SP270', 'PT01', 8, N'Online', 120000.000),
    ('GD1471', '0436', 'NV072', 'KH072', 'SP271', 'PT02', 6, N'Offline', 150000.000),
    ('GD1472', '0437', 'NV073', 'KH073', 'SP272', 'PT03', 9, N'Online', 90000.000),
    ('GD1473', '0438', 'NV074', 'KH074', 'SP273', 'PT04', 8, N'Offline', 160000.000),
    ('GD1474', '0439', 'NV075', 'KH075', 'SP274', 'PT05', 5, N'Online', 75000.000),
    ('GD1475', '0440', 'NV076', 'KH076', 'SP275', 'PT01', 10, N'Offline', 200000.000),
    ('GD1476', '0441', 'NV077', 'KH077', 'SP276', 'PT02', 2, N'Online', 40000.000),
    ('GD1477', '0442', 'NV078', 'KH078', 'SP277', 'PT03', 7, N'Offline', 120000.000),
    ('GD1478', '0443', 'NV079', 'KH079', 'SP278', 'PT04', 9, N'Online', 135000.000),
    ('GD1479', '0444', 'NV080', 'KH080', 'SP279', 'PT05', 8, N'Offline', 160000.000),
    ('GD1480', '0445', 'NV081', 'KH081', 'SP280', 'PT01', 5, N'Online', 75000.000),
    ('GD1481', '0446', 'NV082', 'KH082', 'SP281', 'PT02', 4, N'Offline', 80000.000),
    ('GD1482', '0447', 'NV083', 'KH083', 'SP282', 'PT03', 1, N'Online', 15000.000),
    ('GD1483', '0448', 'NV084', 'KH084', 'SP283', 'PT04', 7, N'Offline', 120000.000),
    ('GD1484', '0449', 'NV085', 'KH085', 'SP284', 'PT05', 10, N'Online', 200000.000),
    ('GD1485', '0450', 'NV086', 'KH086', 'SP285', 'PT01', 2, N'Offline', 40000.000),
    ('GD1486', '0451', 'NV087', 'KH087', 'SP286', 'PT02', 9, N'Online', 135000.000),
    ('GD1487', '0452', 'NV088', 'KH088', 'SP287', 'PT03', 3, N'Offline', 60000.000),
    ('GD1488', '0453', 'NV089', 'KH089', 'SP288', 'PT04', 6, N'Online', 90000.000),
    ('GD1489', '0454', 'NV090', 'KH090', 'SP289', 'PT05', 5, N'Offline', 100000.000),
    ('GD1490', '0455', 'NV091', 'KH091', 'SP290', 'PT01', 8, N'Online', 120000.000),
    ('GD1491', '0456', 'NV092', 'KH092', 'SP291', 'PT02', 6, N'Offline', 150000.000),
    ('GD1492', '0457', 'NV093', 'KH093', 'SP292', 'PT03', 9, N'Online', 90000.000),
    ('GD1493', '0458','NV094', 'KH094', 'SP293', 'PT04', 8, N'Offline', 160000.000),
    ('GD1494', '0459', 'NV095', 'KH095', 'SP294', 'PT05', 5, N'Online', 75000.000),
    ('GD1495', '0460', 'NV096', 'KH096', 'SP295', 'PT01', 10, N'Offline', 200000.000),
    ('GD1496', '0461', 'NV097', 'KH097', 'SP296', 'PT02', 2, N'Online', 40000.000),
    ('GD1497', '0462', 'NV098', 'KH098', 'SP297', 'PT03', 7, N'Offline', 120000.000),
    ('GD1498', '0463', 'NV099', 'KH099', 'SP298', 'PT04', 9, N'Online', 135000.000),
    ('GD1499', '0464', 'NV100', 'KH100', 'SP299', 'PT05', 8, N'Offline', 160000.000),
    ('GD1500', '0465', 'NV065', 'KH001', 'SP200', 'PT01', 5, N'Online', 75000.000);














